,name,lon,lat,dt_s,dt_e
0,AAOT,12.5083,45.3139,2017-10-04 07:38:32,2019-07-22 05:24:25
1,AOE_Baotou,109.6288,40.8517,2013-09-25 08:43:00,2013-12-13 03:57:55
2,ARIAKE_TOWER,130.27195,33.103617,2018-02-23 02:03:30,2019-09-10 23:00:07
3,ARM_Ascension_Is,-14.349806,-7.966964,2016-05-21 13:10:02,2017-10-28 12:42:13
4,ARM_Barnstable_MA,-70.290061,41.669589,2012-07-09 18:31:57,2012-07-26 11:25:15
5,ARM_Cordoba,-64.72837,-32.12641,2018-10-02 10:40:19,2019-04-30 20:58:20
6,ARM_Darwin,130.891,-12.425,2010-08-21 07:56:53,2014-12-24 08:05:53
7,ARM_Gan_Island,73.149896,-0.690597,2011-10-21 11:13:48,2012-02-09 01:56:01
8,ARM_Graciosa,-28.02917,39.09109,2013-09-30 11:43:19,2019-06-24 15:40:02
9,ARM_Highlands_MA,-70.049317,42.030478,2012-07-15 13:31:40,2013-06-26 17:13:33
10,ARM_HyytialaFinland,24.287847,61.843536,2014-01-21 09:49:58,2014-09-13 06:27:49
11,ARM_Macquarie_Is,158.934581,-54.499561,2016-04-20 03:08:49,2018-03-12 06:15:26
12,ARM_Manacapuru,-60.59805600000001,-3.212972,2013-12-20 15:30:31,2015-11-30 14:51:54
13,ARM_McMurdo,166.729722,-77.848889,2015-11-19 05:26:30,2016-12-30 04:30:54
14,ARM_Nainital,79.45827,29.358829999999998,2011-08-29 12:28:25,2012-03-31 12:18:49
15,ARM_Oliktok_AK,-149.88,70.4995,2013-09-23 22:01:14,2019-04-11 03:48:57
16,ARM_SGP,-97.485619,36.605175,2017-10-11 14:59:27,2019-10-06 23:20:51
17,ARM_WAIS,-112.08333300000001,-79.470556,2015-12-10 01:15:09,2016-01-14 05:19:41
18,ASI_Malindi,40.1945,-2.996,2018-04-20 05:02:18,2019-10-31 12:03:48
19,ATHENS-NOA,23.718,37.9721,2008-05-12 04:52:40,2018-09-06 08:35:13
20,Abisko,18.817,68.35,2007-04-27 14:08:42,2007-08-21 12:19:10
21,Abracos_Hill,-62.358332999999995,-10.76,1999-01-22 18:21:47,2005-10-10 20:59:30
22,Abu_Al_Bukhoosh,53.145832999999996,25.495,2004-09-20 11:02:00,2008-11-28 03:44:36
23,Abu_Dhabi,54.328889000000004,24.476111,2004-06-09 05:08:00,2005-07-11 12:24:16
24,Adelaide_Site_7,138.656483,-34.725066999999996,2006-02-26 21:42:51,2007-03-28 21:51:06
25,AgiaMarina_Xyliatou,33.0577,35.038,2015-05-13 04:13:25,2019-06-13 07:48:34
26,Agoufou,-1.479117,15.3454,2002-10-02 16:37:40,2011-04-28 10:15:05
27,Agri_School,-56.180279000000006,-10.080833,1994-08-19 13:01:51,1994-08-20 15:01:39
28,Aguas_Emendadas,-47.6563,-15.58175,2000-01-14 14:05:20,2000-05-23 11:53:11
29,Aguascalientes,-102.32,21.7,1998-05-24 21:13:18,1998-05-26 20:28:34
30,Ahi_De_Cara,-3.43,37.12,2002-07-09 06:36:05,2002-07-10 10:04:25
31,Ahmedabad,72.516667,23.016667,2007-04-09 09:57:24,2007-04-16 07:25:37
32,Aire_Adour,0.25,43.7,1996-05-19 07:28:29,2001-10-10 16:03:53
33,Al_Ain,55.705167,24.242167000000002,2006-08-17 08:07:31,2006-10-01 04:56:07
34,Al_Dhafra,54.54966700000001,24.254278,2001-01-11 12:01:55,2001-09-09 11:50:32
35,Al_Khaznah,55.100556000000005,24.158610999999997,2004-06-02 10:07:36,2004-09-20 12:49:53
36,Al_Qlaa,53.033333,24.133333,2004-06-23 10:30:43,2004-08-25 08:00:56
37,Albergue_UGR,-3.386989,37.095597999999995,2016-06-07 15:58:06,2018-11-08 13:43:07
38,Alboran,-3.3529699999999996,35.939625,2011-06-20 09:31:34,2012-01-23 12:34:05
39,Albuquerque,-106.535836,35.051671999999996,1999-04-13 19:22:29,1999-06-14 22:08:19
40,Alishan,120.81341,23.50844,2016-04-05 07:15:03,2016-04-27 09:42:53
41,Alkali_Lake,-117.382,37.8588,2018-09-02 16:44:19,2019-08-22 19:32:31
42,Alta_Floresta,-56.104453,-9.871339,1993-06-21 13:31:51,2019-02-26 19:40:10
43,Amazon_ATTO_Tower,-58.999867,-2.1441169999999996,2016-02-22 19:40:33,2019-09-20 20:58:59
44,American_Samoa,-170.5644,-14.2472,2014-07-13 02:58:08,2019-06-08 03:27:33
45,Ames,-93.774778,42.021361,2004-05-21 17:57:52,2019-03-11 23:28:47
46,Amity_Univ_Gurgaon,76.916031,28.317328999999997,2017-05-17 08:49:48,2019-07-19 09:29:09
47,Amsterdam_Island,77.571946,-37.799544,2002-12-30 12:59:54,2019-12-11 04:43:35
48,Andenes,16.008611,69.27833299999999,2002-06-04 05:15:22,2018-05-31 08:03:49
49,Andros_Island,-77.8,24.7,1998-06-18 20:12:54,1998-09-21 18:37:48
50,Angiola,-119.538,35.947,2000-12-21 22:42:12,2001-01-27 18:41:37
51,Anmyon,126.33019399999999,36.538537,1999-09-25 00:18:17,2019-11-20 23:23:06
52,AntarcticaDomeC,123.331299,-75.099953,2003-01-15 03:12:04,2004-01-26 11:51:11
53,Antikythera_NOA,23.309820000000002,35.86099,2018-07-21 14:18:40,2018-10-18 09:12:56
54,Appalachian_State,-81.6938,36.2146,2010-07-27 19:18:56,2019-12-08 21:11:48
55,Appledore_Island,-70.615361,42.987064000000004,2007-07-17 18:06:23,2011-02-11 19:13:00
56,Apra_Harbor,144.663103,13.420442000000001,2010-03-09 05:57:51,2010-03-10 22:03:11
57,Aras_de_los_Olmos,-1.1016,39.945,2015-10-15 10:21:10,2019-07-17 08:25:56
58,Arcachon,-1.163222,44.663528,2008-12-09 11:58:09,2017-11-22 15:07:11
59,Arica,-70.313333,-18.471667,1998-05-13 18:23:28,2019-10-28 13:34:14
60,Ariquiums,-63.033331999999994,-9.916667,1993-09-01 15:28:49,1995-09-06 16:28:46
61,Arizona,-110.788002,32.442001,1993-12-13 22:18:04,1994-04-24 19:22:18
62,Armilla,-3.6315190000000004,37.134258,2002-07-09 17:54:57,2002-07-12 06:47:02
63,Ascension_Island,-14.414722,-7.976389,1998-02-26 09:41:46,2019-08-22 16:17:23
64,Asia1,87.65,43.783333,2007-08-13 06:00:12,2007-08-15 01:08:33
65,Aubiere_LAMP,3.111072,45.76096,2010-07-05 15:52:36,2020-04-15 13:47:55
66,Autilla,-4.603056,41.997222,2007-09-03 08:33:51,2015-11-14 16:05:16
67,Avignon,4.878067,43.93275,1999-12-07 15:01:52,2012-10-30 10:55:45
68,Azores,-28.63,38.53,2000-06-12 15:10:15,2005-02-08 13:25:13
69,BMKG_GAW_PALU,120.1829,-1.6503,2015-11-24 03:19:34,2020-01-05 05:55:11
70,BONDVILLE,-88.371944,40.053333,1995-07-03 16:14:09,2018-12-26 16:09:24
71,BORDEAUX,-0.579167,44.788028000000004,2001-05-15 06:08:12,2003-02-06 16:13:43
72,BSRN_BAO_Boulder,-105.006033,40.045183,2001-05-07 17:57:26,2016-07-13 22:35:05
73,Bac_Giang,106.225472,21.291416,2003-02-28 02:04:54,2009-12-27 09:38:06
74,Bac_Lieu,105.73,9.28,2003-03-08 09:33:45,2019-08-20 09:01:26
75,Bach_Long_Vy,107.73333899999999,20.133321,2010-04-26 04:47:52,2011-04-26 01:53:41
76,BackGarden_GZ,113.021,23.296,2006-06-22 22:29:39,2006-07-28 03:20:00
77,Badajoz,-7.01082,38.882808000000004,2014-12-22 09:03:13,2017-10-08 15:44:33
78,Baengnyeong,124.630278,37.966111,2010-07-15 02:32:54,2016-08-31 23:31:05
79,Bahrain,50.609266999999996,26.20805,1998-07-23 13:03:33,2006-10-02 06:02:45
80,Bakersfield,-119.00000800000001,35.331506,2016-03-29 14:32:02,2019-11-04 21:26:36
81,Balbina,-59.4868,-1.916983,1999-09-27 18:20:00,2002-11-02 21:08:00
82,Bambey-ISRA,-16.476733,14.708567000000002,2010-12-07 09:08:36,2011-09-10 12:04:39
83,Bamboo,121.535266,25.186711,2016-11-05 04:38:26,2017-03-12 08:12:59
84,Bandung,107.61,-6.888417,2009-05-13 01:05:47,2019-07-10 07:25:07
85,Baneasa,26.077806,44.511333,2008-07-31 07:23:02,2009-01-15 12:11:04
86,Banizoumbou,2.66519,13.54693,1995-10-16 11:22:22,2019-03-06 07:07:48
87,Banqiao,121.442497,24.997757,2017-06-22 22:51:20,2017-09-19 00:36:12
88,Barbados,-59.624122,13.148575,1997-09-12 13:41:07,2000-10-09 11:21:28
89,Barbados_SALTRACE,-59.624839,13.148513000000001,2013-06-07 18:51:58,2014-07-14 11:18:00
90,Barcelona,2.11206,41.38925,2004-12-16 11:04:24,2019-07-08 06:37:22
91,Bareilly,79.43696,28.38996,2008-04-28 12:18:05,2008-06-23 10:30:19
92,Bari_University,16.883982999999997,41.108327,2010-10-06 11:00:56,2012-05-21 09:50:52
93,Barnaul,83.772222,53.341667,1999-03-24 05:02:14,2000-03-13 03:50:19
94,Barrow,-156.665,71.3122,1997-07-30 18:32:35,2018-09-26 00:49:35
95,Baskin,-91.73866,32.28222,2013-09-09 16:39:58,2013-10-09 22:58:05
96,Bayfordbury,-0.09623999999999999,51.77632,2012-04-01 12:18:44,2019-04-03 16:01:08
97,Beijing-CAMS,116.31667,39.93333,2012-08-02 07:30:14,2018-06-28 02:45:59
98,Beijing,116.38136999999999,39.976890000000004,2001-03-07 23:45:41,2019-03-21 07:56:56
99,Beijing_RADI,116.3786,40.0048,2010-01-05 00:34:53,2011-05-19 05:12:59
100,Belsk,20.791667,51.836667,2004-01-27 08:35:19,2016-08-03 17:20:07
101,Belterra,-54.95165,-2.648483,1999-09-21 19:04:04,2005-04-25 20:43:24
102,Ben_McDhui,27.6175,-30.710833,1997-09-29 14:46:04,1998-01-03 12:36:37
103,Ben_Salem,9.914003,35.55055,2013-03-20 10:13:58,2019-03-26 11:57:08
104,Bermuda,-64.696111,32.37,1996-03-27 14:39:59,2002-12-24 18:48:45
105,Bethlehem,28.333333000000003,-28.248333000000002,1997-05-12 06:06:08,2001-05-22 07:19:09
106,Bhola,90.756415,22.226675,2013-04-23 05:56:11,2019-04-19 08:26:48
107,Biarritz,-1.55,43.483333,2001-09-18 15:51:25,2001-10-08 15:40:18
108,Bidi_Bahn,-2.45,14.06,1996-02-19 12:51:08,1997-09-23 07:23:28
109,Bidur,85.140096,27.8955,2018-06-01 07:35:53,2018-07-30 09:17:16
110,Big_Meadows,-78.436111,38.521944,2001-09-06 21:00:15,2002-01-17 14:54:44
111,Billerica,-71.268619,42.528347,2002-02-14 18:15:26,2019-10-14 13:28:38
112,Birdsville,139.34596000000002,-25.89893,2005-08-12 21:57:05,2018-06-13 07:14:04
113,Birkenes,8.252310000000001,58.38845,2009-04-30 09:55:05,2018-09-28 14:30:01
114,Black_Forest_AMF,8.396867,48.54005,2007-10-11 08:59:31,2007-12-19 09:33:04
115,Blida,2.8805560000000003,36.508333,2003-10-28 15:27:10,2012-03-07 08:55:36
116,Blyth_NOAH,-1.420859,55.146399,2016-04-21 10:35:08,2017-09-19 10:30:51
117,Bodele,18.55,16.883,2005-03-04 05:41:48,2005-03-09 12:12:42
118,Bolzano,11.33,46.4569,2011-07-15 11:36:05,2014-11-03 14:51:52
119,Bonanza,19.590278,-21.825556,2016-02-13 08:56:49,2017-10-06 15:59:46
120,Bonanza_Creek,-148.316269,64.742805,1997-07-15 19:59:29,2019-10-21 20:54:05
121,Bondoukoui,-3.75,11.85,1996-02-07 16:39:04,1999-05-14 15:42:54
122,Bordj_Badji_Mokhtar,0.92,21.38,2011-06-08 08:41:05,2012-06-28 17:29:55
123,Bordman,-119.66666399999998,45.816666,1994-09-28 14:46:00,1994-09-30 15:12:25
124,Bose_Institute,88.261403,27.031467,2015-11-04 06:06:26,2015-11-10 06:51:48
125,Boulder,-105.26083200000001,39.991465999999996,1995-02-08 15:48:30,1995-04-12 18:32:06
126,Boyd_County_MS,-82.70003299999999,38.427461,2013-06-11 15:01:16,2013-09-26 21:48:05
127,Bozeman,-111.04501299999998,45.662203999999996,2008-04-11 23:24:09,2019-09-23 20:00:56
128,Braccagni,11.079531,42.827746000000005,2018-04-30 08:28:49,2018-08-22 15:20:18
129,Bragansa,-46.641,-0.834,2001-04-12 11:10:07,2003-05-19 19:18:42
130,Brasilia,-47.900002,-15.917,1993-06-12 10:51:17,1995-11-21 20:31:17
131,Brasilia_SONDA,-47.71348,-15.601289999999999,2015-06-23 18:14:54,2018-11-13 12:26:06
132,Bratts_Lake,-104.713013,50.204238000000004,1997-06-13 22:14:42,2013-02-05 21:42:59
133,Brest_MF,-4.411855,48.444565000000004,2017-10-16 14:50:03,2019-08-23 14:06:26
134,Brisbane-Uni_of_QLD,153.013611,-27.497083,2010-02-21 20:18:15,2015-06-04 23:02:18
135,Brookhaven,-72.8847,40.866,1997-11-18 18:37:29,2020-01-02 16:11:15
136,Brussels,4.35,50.783332,2006-07-24 08:01:14,2020-01-06 14:34:09
137,Bucarest,26.525,44.45,2000-10-11 08:31:29,2001-09-02 12:16:48
138,Bucharest_Inoe,26.02805,44.348310999999995,2007-07-04 13:35:49,2016-05-24 07:43:44
139,Buena_Vista,-119.26,35.22,1999-03-07 23:09:23,1999-03-08 20:39:10
140,Bujumbura,29.383833000000003,-3.38,2013-12-02 11:37:42,2019-04-11 15:10:33
141,Bukit_Kototabang,100.31805,-0.20194,2017-08-19 07:23:27,2019-11-30 01:17:32
142,Bure_OPE,5.505,48.5625,2012-02-01 08:14:26,2018-11-23 09:25:19
143,Burjassot,-0.4202,39.507,2007-04-16 17:26:31,2019-04-03 17:39:27
144,Burtonsville,-76.949881,39.093714,1994-12-01 20:37:27,1995-03-13 15:18:20
145,Bushland,-102.09384,35.18678,2008-04-29 18:50:47,2008-10-25 17:40:18
146,CAMPO_VERDE,-55.175,-15.561667000000002,1995-08-28 11:06:56,1995-09-01 13:27:05
147,CANDLE_LAKE,-105.267,53.733,1996-02-29 20:16:06,1996-03-13 23:51:29
148,CARTEL,-71.93133,45.379754,1995-06-09 18:48:24,2019-05-09 15:15:04
149,CART_SITE,-97.48639,36.60667,2001-10-01 16:35:29,2019-07-07 21:23:04
150,CASLEO,-69.29568499999999,-31.798815,2011-01-11 21:28:25,2014-07-30 14:14:17
151,CATUC_Bamenda,10.1563,5.9491,2016-12-07 07:12:19,2019-07-03 13:17:53
152,CBBT,-76.0766,37.03665,2017-07-13 19:40:12,2017-08-22 20:02:09
153,CCNY,-73.94903599999999,40.821313,2001-12-01 20:05:06,2019-10-11 12:46:19
154,CEILAP-BA,-58.506411,-34.555425,1999-10-20 10:14:31,2019-04-08 20:56:56
155,CEILAP-Bariloche,-71.163333,-41.146944,2012-02-01 23:03:46,2018-11-12 19:14:42
156,CEILAP-Comodoro,-67.462875,-45.792153000000006,2013-09-24 11:10:00,2017-10-09 15:03:13
157,CEILAP-Neuquen,-68.13665999999999,-38.952220000000004,2013-11-13 12:24:11,2018-04-20 15:02:16
158,CEILAP-RG,-69.31925,-51.600503,2005-11-12 19:51:23,2018-12-27 10:26:09
159,CEILAP-UTN,-58.468610999999996,-34.659721999999995,2007-10-20 11:40:00,2007-11-21 13:58:44
160,CENER,-1.602187,42.816424,2013-06-05 08:20:44,2018-10-16 16:30:40
161,CLUJ_UBB,23.551389,46.768333,2010-07-06 05:51:41,2018-11-20 07:05:38
162,COVE,-75.71,36.9,1999-10-22 17:18:22,2008-01-31 21:16:58
163,COVE_SEAPRISM,-75.71,36.9,2005-04-19 15:20:39,2016-01-09 15:40:38
164,CRPSM_Malindi,40.1945,-2.996,2007-09-12 09:32:04,2017-04-24 13:42:19
165,CRYSTAL_FACE,-80.422167,25.650167,2002-07-02 23:18:07,2002-07-29 22:36:27
166,CUIABA-MIRANDA,-56.070859999999996,-15.73091,2001-03-22 15:22:01,2019-04-02 12:28:21
167,CUT-TEPAK,33.04275,34.674806,2010-04-12 15:16:21,2019-06-27 08:21:22
168,Cabauw,4.927,51.971,2003-04-23 09:24:48,2019-10-31 14:03:42
169,Cabo_Raso,-9.48587,38.70937,2008-01-26 09:03:08,2009-04-01 12:12:47
170,Cabo_da_Roca,-9.497667,38.781721999999995,2003-12-10 09:03:21,2019-02-05 15:08:30
171,Caceres,-6.3434669999999995,39.478583,2005-07-21 11:02:34,2012-06-04 06:10:57
172,Cagliari,9.052333,39.281,2013-06-13 16:01:59,2013-07-04 14:13:53
173,Caillouel_COBIACC,3.12681,49.619914,2019-06-17 14:06:46,2019-07-25 06:56:10
174,Cairo_EMA,31.290066999999997,30.080766999999998,2005-04-13 08:55:57,2006-03-23 07:02:28
175,Cairo_EMA_2,31.290066999999997,30.080766999999998,2010-04-26 09:08:29,2019-07-30 13:01:59
176,Cairo_University,31.207317,30.026166999999997,2004-10-29 09:54:42,2005-04-16 08:02:28
177,CalTech,-118.126167,34.13673,2010-04-21 15:07:02,2019-10-08 16:00:33
178,Caldwell_Parish_HS,-92.096277,32.060303000000005,2013-08-07 15:15:06,2013-09-09 15:13:19
179,Calern_OCA,6.923153,43.752207,2011-06-28 13:51:01,2014-07-23 08:09:19
180,Calhau,-24.867222,16.863889,2012-01-23 10:38:15,2014-12-08 15:02:04
181,Calipso_Bowers_Rd,-75.95539699999999,39.193346999999996,2007-07-12 12:52:55,2007-07-12 19:58:56
182,Calipso_Brookview,-75.794308,38.576021999999995,2007-06-26 15:56:59,2007-06-26 19:55:58
183,Calipso_Carthage,-94.06626999999999,32.06434,2013-09-09 15:51:56,2013-09-09 20:39:56
184,Calipso_Church_H_Rd,-75.999167,39.132667,2007-08-29 14:23:51,2007-08-29 20:03:50
185,Calipso_Church_Hill,-75.981717,39.147465999999994,2007-07-28 14:56:04,2007-08-02 17:44:29
186,Calipso_Crouse_Mill,-75.95163000000001,38.958531,2007-08-13 14:09:39,2007-08-13 17:24:40
187,Calipso_Dean_Rd,-75.9575,39.00275,2007-08-29 13:28:54,2007-08-29 19:34:56
188,Calipso_Flat_Iron,-75.998673,39.110825,2007-08-13 14:38:59,2007-08-13 19:49:58
189,Calipso_Harrison_Rd,-75.771,38.63195,2007-07-12 15:09:07,2007-07-12 17:24:11
190,Calipso_Hillsboro,-75.939151,38.915783000000005,2007-08-13 14:54:34,2007-08-13 14:54:34
191,Calipso_Hillsboro_E,-75.93253299999999,38.9169,2007-08-29 14:51:32,2007-08-29 19:14:57
192,Calipso_Hurlock,-75.84624000000001,38.61916,2007-08-13 15:21:55,2007-08-13 19:35:55
193,Calipso_Kennedyvill,-75.99198299999999,39.3055,2007-07-12 14:09:55,2007-07-12 20:24:55
194,Calipso_Kinchaloe,-77.390121,38.755423,2007-07-19 16:27:58,2007-07-19 16:27:58
195,Calipso_Loudon_Rd,-77.788517,39.938933,2007-08-04 12:01:02,2007-08-04 19:45:54
196,Calipso_Mardela_Spr,-75.74795,38.469083000000005,2007-07-12 15:08:52,2007-07-12 21:13:29
197,Calipso_Morgnec_Rd,-76.03074000000001,39.23567,2007-08-29 14:06:18,2007-08-29 19:13:06
198,Calipso_NUFerry_Rd,-75.69076,38.34557,2007-07-12 14:34:01,2007-07-12 19:15:57
199,Calipso_Ninetown_Rd,-75.91,38.964983000000004,2007-06-20 23:25:56,2007-06-26 17:34:56
200,Calipso_Ormand_MS,-77.45463000000001,38.855649,2007-08-04 14:21:57,2007-08-04 19:46:42
201,Calipso_Peckman_Frm,-77.750033,39.938633,2007-07-03 15:58:57,2007-07-03 16:29:59
202,Calipso_Perryville,-76.07265600000001,39.560672,2007-07-12 14:01:18,2007-07-12 19:54:58
203,Calipso_Pine_Cove,-75.969347,39.238669,2007-07-12 14:42:54,2007-07-12 19:55:43
204,Calipso_Price,-75.959017,39.097367,2007-06-24 12:27:56,2007-06-26 19:22:53
205,Calipso_Princess_An,-75.68489,38.21322,2007-06-26 14:35:03,2007-06-26 17:26:54
206,Calipso_Prt_Deposit,-76.11636700000001,39.604,2007-06-24 20:16:32,2007-06-26 19:36:57
207,Calipso_Ridgely,-75.8815,38.94863,2007-07-12 19:59:36,2007-07-12 20:58:57
208,Calipso_Sabine_Frst,-93.86743299999999,31.6073,2013-09-09 17:57:56,2013-09-09 20:09:57
209,Calipso_Sanders_ES,-77.510017,39.038484999999994,2007-08-04 14:31:50,2007-08-04 19:16:52
210,Calipso_Sterling_PO,-77.457567,39.0012,2007-07-01 23:27:15,2007-07-02 16:57:02
211,Calipso_Strasburg,-76.2193,39.934467,2007-06-26 15:55:02,2007-06-28 12:33:36
212,Calipso_Tuckahoe,-75.932939,38.979172999999996,2007-07-26 11:33:57,2007-07-26 13:59:36
213,Calipso_Vienna,-75.816541,38.493536,2007-08-13 14:42:56,2007-08-13 19:54:54
214,Calipso_W_Mardela,-75.774633,38.460833,2007-07-28 14:09:54,2007-07-28 20:20:53
215,Calipso_W_Strasburg,-76.231117,39.94655,2007-07-28 15:31:54,2007-07-28 20:42:46
216,Calipso_Washtn_High,-75.68673299999999,38.18005,2007-07-26 11:59:25,2007-07-28 19:17:04
217,Calipso_West_Denton,-75.89433100000001,38.914961,2007-06-24 14:29:58,2007-06-28 12:33:46
218,Calipso_Westfield_H,-77.464783,38.887516999999995,2007-08-04 14:31:38,2007-08-04 19:23:49
219,Calipso_White_Marsh,-75.98863399999999,39.075915,2007-08-13 14:54:45,2007-08-13 19:39:48
220,Calipso_WillistonLk,-75.8463,38.82893,2007-07-12 14:33:56,2007-07-12 21:01:57
221,Calipso_WofDenton,-75.86241600000001,38.89885,2007-07-12 14:52:56,2007-07-12 19:58:58
222,Calipso_Zion,-76.199,39.932389,2007-07-12 17:10:48,2007-09-07 12:43:35
223,Camaguey,-77.8499,21.4223,2008-10-07 17:30:19,2018-07-09 13:22:46
224,Camborne_MO,-5.32656,50.21782,2015-06-30 15:23:24,2018-12-07 10:44:08
225,Campo_Grande,-54.61666700000001,-20.45,1995-08-05 20:32:11,1995-11-09 11:54:20
226,Campo_Grande_SONDA,-54.538742000000006,-20.438617,2003-10-31 13:08:28,2019-01-13 16:47:46
227,Canberra,149.1111,-35.2713,2003-01-15 06:58:52,2017-08-31 06:40:53
228,Cap_d_En_Font,4.2081669999999995,39.825722,2013-06-11 11:58:32,2013-07-03 11:47:50
229,Cape_Fuguei_Station,121.53785900000001,25.297452,2016-11-11 07:46:18,2020-03-09 01:35:19
230,Cape_Romain,-79.6572,32.941,2013-06-21 11:02:27,2013-10-30 17:03:17
231,Cape_San_Juan,-65.6199,18.3845,2005-03-27 13:44:48,2019-03-06 20:17:23
232,Capo_Verde,-22.935499,16.7325,1994-10-21 16:53:49,2018-12-09 11:09:45
233,Carloforte,8.309875,39.139908,2013-07-04 13:43:41,2014-12-04 12:32:47
234,Carlsbad,-104.23316700000001,32.368833,1999-03-09 14:00:16,2000-03-28 13:55:51
235,Carpentras,5.058333,44.083333,2003-02-18 10:40:02,2018-11-26 15:05:49
236,Cart_Site,-97.48639,36.60667,1994-04-07 12:57:56,2018-05-04 13:12:46
237,Casablanca_Platform,1.358,40.717,2019-04-02 12:23:06,2019-08-26 10:29:39
238,Cat_Spring,-96.32561700000001,29.82905,2013-09-18 15:39:58,2013-09-18 23:36:43
239,Cerro_Poyos,-3.487261,37.108869,2011-05-24 11:42:16,2017-10-11 07:57:01
240,Chao_Jou,120.52916699999999,22.513056,2005-01-20 02:39:35,2005-01-27 08:22:34
241,Chapada,-55.83014300000001,-15.360644,1994-08-13 11:46:56,1994-08-13 14:50:16
242,Chapais,-74.9754,49.822433000000004,2006-04-26 13:58:28,2019-06-02 20:54:57
243,Chebogue_Point,-66.123,43.747,2004-06-28 22:23:17,2004-08-17 12:08:27
244,Chen-Kung_Univ,120.204664,22.993419,2002-02-28 09:12:17,2018-09-30 08:20:46
245,Chequamegon,-90.25,45.933333000000005,1998-08-18 15:51:05,2001-11-11 21:32:46
246,Chiang_Mai,98.986944,18.813333,2007-03-30 03:36:44,2015-12-28 02:14:41
247,Chiang_Mai_Met_Sta,98.97246700000001,18.771125,2007-12-02 08:14:20,2019-11-11 01:36:57
248,Chiayi,120.495975,23.495975,2013-09-18 08:43:05,2018-04-10 08:35:05
249,Chiba_University,140.1038,35.6247,2011-11-01 06:15:16,2019-10-23 01:54:45
250,Chilbolton,-1.43698,51.144459999999995,2005-10-10 12:38:46,2019-10-15 16:15:47
251,China_Lake,-117.744533,35.6741,1999-11-08 19:34:57,2000-02-02 16:26:26
252,Chinhae,128.652433,35.1558,1999-04-20 06:55:02,1999-09-24 22:56:15
253,Chulalongkorn,100.53027800000001,13.736111,2003-02-19 05:02:29,2004-10-13 07:35:26
254,Churchill,-93.818167,58.736,2000-05-13 20:58:36,2018-06-22 19:02:52
255,City_GZ,113.158,23.081,2006-06-27 04:45:52,2006-07-21 10:32:56
256,Clermont_Ferrand,2.964332,45.772434999999994,1999-07-17 05:13:27,2016-09-13 17:11:11
257,Cliff_Creek_1,-114.843318,45.108708,2019-06-26 17:32:37,2019-09-13 00:56:25
258,Cliff_Creek_2,-114.843248,45.115091,2019-06-26 17:32:35,2019-09-13 00:32:28
259,Cliff_Creek_3,-114.836824,45.115417,2019-06-27 00:34:54,2019-09-17 23:44:04
260,Cliff_Creek_4,-114.83938,45.123432,2019-06-26 17:32:35,2019-09-16 17:44:41
261,Cliff_Creek_5,-114.846827,45.129928,2019-06-26 20:07:37,2019-09-16 18:44:47
262,Cliff_Creek_6,-114.84531799999999,45.144171,2019-06-27 00:54:42,2019-09-16 18:44:51
263,Coconut_Island,-157.789717,21.4329,2000-06-02 03:44:09,2004-11-13 23:16:43
264,Cold_Lake,-110.283,54.417,2016-11-15 17:51:51,2017-07-09 13:00:52
265,Coleambally,146.0644,-34.8101,2001-11-23 20:58:11,2003-02-11 08:00:18
266,Columbia_SC,-81.036333,34.022803,2001-11-20 12:50:13,2004-07-28 23:16:01
267,Concepcion,-62.028,-16.138167000000003,1998-05-07 14:50:26,2000-09-13 18:35:04
268,Corcoran,-119.5661,36.103429999999996,2002-05-26 17:11:12,2003-01-23 23:30:55
269,Cordoba-CETT,-64.46368199999999,-31.524075,1999-10-20 15:33:26,2010-12-02 19:38:06
270,Cork_UCC,-8.493762,51.89241,2016-12-23 13:19:00,2018-10-10 15:04:20
271,Coruna,-8.4208,43.363,2012-01-24 10:01:37,2020-02-02 16:49:38
272,Creteil,2.4427830000000004,48.7885,1999-06-25 11:08:26,2010-03-03 07:32:27
273,Crozet_Island,51.850361,-46.434806,2004-03-26 11:23:57,2013-09-22 11:32:30
274,Cuatro_Vientos,-3.779692,40.370096000000004,2018-09-23 09:16:58,2018-10-06 12:14:00
275,Cuiaba,-56.070214,-15.555244,1993-06-16 16:30:49,1995-11-20 14:31:27
276,DMN_Maine_Soroa,12.023067,13.216717000000001,2005-11-18 11:27:58,2010-07-23 17:03:47
277,DRAGON_ABERD,-76.16523000000001,39.515103,2011-06-02 16:14:25,2011-08-23 12:12:45
278,DRAGON_ANNEA,-76.6247,39.1647,2010-07-26 16:28:53,2011-08-17 17:12:29
279,DRAGON_ARNCC,-76.7208,39.1589,2010-07-26 17:44:00,2011-08-21 15:41:09
280,DRAGON_ARNLS,-76.51292600000001,39.058488,2011-06-24 10:52:49,2011-08-19 20:47:45
281,DRAGON_Aldine,-95.326125,29.901037,2013-07-19 16:42:58,2013-10-02 23:23:28
282,DRAGON_Aldino,-76.203932,39.563433,2011-04-30 12:38:21,2011-08-17 22:14:43
283,DRAGON_Anmyeon,126.33001999999999,36.53863,2012-02-26 07:57:17,2012-05-31 05:18:20
284,DRAGON_Arvin,-118.78781000000001,35.237959000000004,2013-01-17 22:15:53,2013-02-19 00:50:23
285,DRAGON_Aurora_East,-104.56913,39.63854,2014-04-22 13:41:25,2014-08-14 16:45:53
286,DRAGON_BLDND,-76.519504,39.258315,2011-06-04 16:06:33,2011-08-21 15:55:26
287,DRAGON_BLLRT,-76.578242,39.389385,2011-06-30 17:25:37,2011-08-23 12:29:02
288,DRAGON_BLTCC,-76.688429,39.362201,2011-06-04 23:02:54,2011-08-20 22:52:59
289,DRAGON_BLTIM,-76.651066,39.263145,2010-07-27 21:55:41,2010-08-10 23:04:32
290,DRAGON_BLTNR,-76.6186,39.2156,2011-06-07 21:06:02,2011-08-02 19:20:33
291,DRAGON_BOWEM,-76.7506,38.9747,2010-07-20 13:14:32,2011-08-16 19:42:18
292,DRAGON_BTMDL,-76.441601,39.238826,2011-06-24 11:24:20,2011-08-22 12:11:30
293,DRAGON_Bainbridge,-76.074122,39.606044,2011-06-30 23:04:40,2011-08-13 15:10:32
294,DRAGON_Bakersfield,-119.00000800000001,35.331506,2012-11-17 20:36:58,2013-05-08 16:03:51
295,DRAGON_BelAir,-76.263098,39.500014,2011-06-13 10:34:32,2011-08-12 22:54:27
296,DRAGON_Beltsville,-76.877491,39.054091,2011-06-14 15:38:21,2011-08-13 12:39:57
297,DRAGON_Bokjeong,127.13123,37.456990000000005,2012-02-28 23:04:09,2012-06-01 01:30:17
298,DRAGON_Boulder,-105.261325,39.991859000000005,2014-04-24 13:00:53,2014-08-15 13:54:14
299,DRAGON_CHASE,-77.08000200000001,38.978612,2010-07-19 18:45:07,2010-08-16 14:22:04
300,DRAGON_CLLGP,-76.9086,38.9911,2010-07-22 16:44:34,2011-08-25 11:24:42
301,DRAGON_CLRST,-76.94445,39.20541,2010-08-04 22:03:11,2011-08-23 12:14:29
302,DRAGON_CPSDN,-76.462915,39.110656,2011-06-24 11:41:08,2011-07-07 13:11:11
303,DRAGON_CTNVL,-76.77194399999999,39.275833,2010-07-29 16:29:13,2010-08-17 11:56:30
304,DRAGON_Channel_View,-95.125556,29.8025,2013-07-16 15:27:21,2013-09-30 22:43:24
305,DRAGON_Chatfield_Pk,-105.070365,39.5345,2014-04-24 14:51:55,2014-08-18 15:50:51
306,DRAGON_Clinton,-95.2575,29.733611,2013-05-13 20:03:36,2013-10-02 13:40:50
307,DRAGON_Clovis,-119.71638999999999,36.819309999999994,2012-11-06 00:10:06,2013-02-15 23:38:39
308,DRAGON_Conroe,-95.425,30.350278000000003,2013-07-20 14:43:31,2013-10-02 16:19:14
309,DRAGON_Corcoran,-119.56583,36.10222,2012-11-07 00:06:45,2013-02-17 00:52:59
310,DRAGON_Deer_Park,-95.128485,29.670046000000003,2013-07-18 12:16:59,2013-10-01 13:26:40
311,DRAGON_DenverLaCasa,-105.00518000000001,39.77949,2014-04-22 17:27:54,2019-07-29 00:11:54
312,DRAGON_Drummond,-119.74139,36.70556,2012-11-09 19:30:56,2013-02-18 21:44:41
313,DRAGON_EDCMS,-76.560012,38.922218,2011-06-03 15:35:11,2011-08-21 16:26:29
314,DRAGON_ELLCT,-76.861603,39.2661,2010-08-01 22:15:23,2011-07-07 21:16:31
315,DRAGON_EaglePoint,-76.27,39.397778,2011-07-11 19:18:54,2011-07-30 17:09:54
316,DRAGON_Edgewood,-76.296352,39.409834000000004,2011-04-25 21:25:45,2011-08-18 17:56:40
317,DRAGON_Essex,-76.474486,39.310943,2011-04-14 16:22:04,2011-08-18 17:56:52
318,DRAGON_FLLST,-76.413318,39.522366,2011-06-02 19:21:16,2011-08-16 12:06:29
319,DRAGON_FairHill,-75.86005899999999,39.701435,2011-05-05 17:45:57,2011-08-18 21:40:01
320,DRAGON_Fort_Collins,-105.14141000000001,40.592795,2014-06-12 23:30:55,2014-08-10 18:45:54
321,DRAGON_Fukue,128.682,32.752,2012-03-08 08:08:24,2012-05-03 07:10:52
322,DRAGON_Fukue_2,128.817,32.672,2012-03-10 07:12:15,2012-03-15 07:29:36
323,DRAGON_Fukue_3,128.745,32.6,2012-03-10 08:03:16,2012-03-15 06:57:55
324,DRAGON_Fukuoka,130.475,33.524,2012-03-09 02:34:04,2012-06-01 04:15:57
325,DRAGON_Galveston,-94.861289,29.254474,2013-07-18 12:16:41,2013-10-01 13:21:56
326,DRAGON_Galveston_DP,-94.861289,29.254474,2013-08-14 19:10:22,2013-10-01 13:21:55
327,DRAGON_GangneungWNU,128.867,37.771,2012-02-27 05:38:40,2019-02-11 07:02:38
328,DRAGON_Garland,-119.77301999999999,36.78537,2013-01-11 21:07:39,2013-02-18 21:54:54
329,DRAGON_Guwol,126.72403,37.449670000000005,2012-02-27 03:02:05,2012-05-31 09:59:50
330,DRAGON_Gwangju_GIST,126.843139,35.228278,2012-02-27 08:23:31,2012-05-14 23:59:55
331,DRAGON_Hanford,-119.64323,36.31572,2012-11-06 18:24:53,2013-02-19 00:17:41
332,DRAGON_Hankuk_UFS,127.26581999999999,37.33883,2012-02-22 05:00:47,2019-05-02 01:16:38
333,DRAGON_Henties_1,14.295125,-22.052274,2016-08-25 11:05:43,2016-09-24 12:34:51
334,DRAGON_Henties_2,14.339791,-22.115907999999997,2016-08-25 13:41:41,2016-09-25 10:25:19
335,DRAGON_Henties_3,14.377948000000002,-22.184012,2016-08-21 13:48:19,2016-09-24 11:37:31
336,DRAGON_Henties_4,14.345504,-22.020377,2016-08-21 14:45:16,2016-09-25 10:55:18
337,DRAGON_Henties_5,14.399573,-22.091751000000002,2016-08-21 14:03:12,2016-09-28 08:04:05
338,DRAGON_Henties_6,14.430667999999999,-22.166736,2016-08-21 14:42:01,2016-09-28 08:53:53
339,DRAGON_Huron,-120.10545,36.20615,2013-01-14 20:25:11,2013-02-08 23:57:24
340,DRAGON_Jalan_ChainF,100.381339,5.400542,2012-07-17 04:32:29,2012-10-03 01:11:11
341,DRAGON_KampungBharu,100.46315799999999,5.341589,2012-07-15 03:45:59,2012-11-22 03:48:58
342,DRAGON_KentIsland,-76.307864,38.9793,2011-06-30 16:24:23,2011-08-24 12:18:50
343,DRAGON_Kobe,135.291,34.72,2012-03-03 01:26:58,2012-06-01 09:19:34
344,DRAGON_Kohriyama,140.3829,37.361042,2012-03-07 23:15:09,2012-05-27 05:27:56
345,DRAGON_Kongju_NU,127.140023,36.470622999999996,2012-02-21 23:03:43,2012-05-31 21:57:47
346,DRAGON_Konkuk_Univ,127.079774,37.54205,2012-03-09 05:28:18,2012-05-31 09:57:01
347,DRAGON_Korea_Univ,127.02507,37.58514,2012-02-27 04:30:58,2012-06-01 05:00:47
348,DRAGON_Kunsan_NU,126.683008,35.941072,2012-02-26 08:21:04,2012-05-31 07:38:21
349,DRAGON_Kyoto,135.781,35.026,2012-02-24 05:11:50,2012-05-16 01:39:13
350,DRAGON_Kyungil_Univ,128.788442,36.038647999999995,2012-03-12 02:05:29,2012-05-19 23:24:46
351,DRAGON_LAREL,-76.855,39.0808,2010-07-21 16:44:20,2010-08-19 14:57:13
352,DRAGON_LAUMD,-76.8592,39.1428,2010-07-21 18:14:13,2011-08-22 13:07:16
353,DRAGON_MNKTN,-76.65231800000001,39.572926,2011-06-13 16:38:07,2011-08-23 13:40:25
354,DRAGON_Madera_City,-120.03441799999999,36.953162,2012-11-05 23:57:55,2013-02-18 20:54:56
355,DRAGON_ManvelCroix,-95.392522,29.520427,2013-07-18 17:43:20,2013-09-30 23:05:38
356,DRAGON_Matsue,133.01,35.48,2012-03-02 23:28:10,2012-05-16 04:20:33
357,DRAGON_Mokpo_NU,126.43736000000001,34.91342,2012-02-24 02:33:30,2016-03-17 01:58:33
358,DRAGON_Mt_Ikoma,135.678667,34.6798,2012-02-24 04:11:42,2012-05-19 03:39:44
359,DRAGON_Mt_Rokko,135.23,34.757,2012-03-10 22:00:32,2012-11-25 07:00:25
360,DRAGON_NIER,126.63971000000001,37.56893,2012-02-27 07:05:39,2016-03-18 07:52:27
361,DRAGON_NREL-Golden,-105.17799,39.743725,2014-04-23 13:02:12,2014-08-18 18:24:57
362,DRAGON_NW_Harris_CO,-95.673889,30.039444,2013-07-18 12:25:19,2013-10-01 18:43:29
363,DRAGON_Nara,135.828,34.688,2012-02-24 05:56:15,2012-06-01 08:44:34
364,DRAGON_Nishiharima,134.336,35.026,2012-03-10 04:58:55,2012-04-29 01:30:42
365,DRAGON_Niwot_Ridge,-105.53331299999999,40.031795,2014-06-11 20:12:58,2014-10-26 23:06:29
366,DRAGON_OLNES,-77.068267,39.149148,2010-07-20 16:15:09,2011-08-29 12:19:13
367,DRAGON_ONNGS,-76.81912,39.387756,2011-06-08 13:52:01,2011-08-14 22:11:45
368,DRAGON_Osaka-North,135.51,34.774,2012-02-24 03:27:43,2012-06-01 05:43:45
369,DRAGON_Osaka-South,135.50386699999999,34.5435,2012-03-20 21:45:12,2012-05-18 03:39:58
370,DRAGON_Osaka_Center,135.530894,34.668477,2012-03-21 21:43:42,2012-05-14 02:24:57
371,DRAGON_PATUX,-76.70938000000001,38.827168,2011-06-20 17:39:36,2011-08-11 13:29:39
372,DRAGON_Padonia,-76.63166899999999,39.462036,2011-04-14 14:37:44,2011-08-18 16:54:58
373,DRAGON_Pandan_Resrv,103.742362,1.318808,2012-07-17 03:41:40,2012-10-03 06:43:03
374,DRAGON_Parlier,-119.50368999999999,36.59744,2012-11-06 19:54:56,2013-02-18 23:51:07
375,DRAGON_Pasadena,-76.45544,39.111638,2011-07-08 10:42:45,2011-08-11 15:57:01
376,DRAGON_PayaTerubong,100.275847,5.375964,2012-07-12 07:10:03,2012-11-20 07:20:40
377,DRAGON_Permatang_DL,100.271253,5.277875,2012-07-19 06:26:03,2012-10-11 07:21:24
378,DRAGON_PineyOrchard,-76.719202,39.060781,2011-07-05 14:27:13,2011-08-22 12:22:40
379,DRAGON_Platteville,-104.7261,40.182765,2014-06-12 20:05:14,2014-08-10 20:05:52
380,DRAGON_Pondok_Upeh,100.22661,5.33325,2012-07-20 06:33:43,2012-10-31 02:48:39
381,DRAGON_Porterville,-119.05505,36.03179,2013-01-10 16:40:07,2013-02-07 16:29:41
382,DRAGON_Pusan_NU,129.082493,35.235354,2012-02-26 23:15:28,2012-05-31 23:26:26
383,DRAGON_Pylesville,-76.405349,39.67515,2011-07-07 17:10:59,2011-08-22 22:30:20
384,DRAGON_RCKMD,-77.09622,39.06556,2010-07-22 16:45:22,2010-08-09 18:14:59
385,DRAGON_Rocky_Flats,-105.188575,39.912795,2014-06-14 00:23:37,2014-08-19 16:35:49
386,DRAGON_SHADY,-76.506108,38.840658000000005,2011-06-01 18:36:05,2011-06-30 11:37:56
387,DRAGON_SPBRK,-77.0058,39.0581,2010-07-22 21:44:00,2011-08-19 13:57:37
388,DRAGON_Sanggye,127.06845,37.65885,2012-03-09 08:40:26,2012-05-31 06:18:59
389,DRAGON_SeabrookPark,-95.01554399999999,29.583046999999997,2013-07-18 13:04:49,2013-10-01 13:24:34
390,DRAGON_Shafter,-119.2725,35.503609999999995,2012-11-07 18:26:44,2013-02-19 00:55:12
391,DRAGON_Sinjeong,126.85863,37.52341,2012-02-25 07:32:47,2012-05-31 02:45:57
392,DRAGON_Smith_Point,-94.786969,29.546244,2013-05-08 18:24:56,2013-10-03 13:48:40
393,DRAGON_Soha,126.8847,37.45213,2012-02-29 23:39:23,2012-05-31 04:15:54
394,DRAGON_St_Johns_Is,103.849615,1.21795,2012-07-25 08:27:08,2012-10-28 09:21:52
395,DRAGON_TKMPR,-76.997222,38.995278000000006,2010-07-23 23:04:14,2010-08-17 11:33:44
396,DRAGON_Temasek_Poly,103.930621,1.3448209999999998,2012-07-11 04:40:18,2012-10-03 06:18:56
397,DRAGON_Tranquility,-120.38233999999999,36.63434,2012-11-08 17:40:01,2013-02-21 00:59:50
398,DRAGON_Tsukuba,140.120278,36.050556,2012-03-11 03:39:55,2012-05-30 08:39:58
399,DRAGON_UH_Sugarland,-95.652,29.5741,2013-05-07 14:50:06,2013-10-02 16:21:58
400,DRAGON_UH_W_Liberty,-94.9781,30.0583,2013-05-18 15:36:57,2013-10-01 22:06:56
401,DRAGON_UMRLB,-76.81410600000001,38.891262,2011-06-17 14:38:51,2011-08-25 11:23:57
402,DRAGON_UiTM,100.41631,5.38313,2012-09-10 00:27:47,2012-11-22 02:35:35
403,DRAGON_Visalia,-119.39301,36.31411,2013-01-10 23:23:30,2013-02-05 19:45:54
404,DRAGON_WSTFD,-76.946248,39.301577,2011-07-09 10:59:46,2011-08-16 23:14:36
405,DRAGON_Welch,-105.13951000000002,39.63878,2014-04-24 16:24:55,2014-08-18 16:48:56
406,DRAGON_Weld_Co_Twr,-104.737445,40.386359999999996,2014-05-20 20:33:57,2014-08-09 00:44:25
407,DRAGON_West_Houston,-95.656944,29.833056,2013-05-13 17:35:02,2013-10-02 17:24:57
408,DRAGON_WileyFord,-78.773648,39.610446,2011-06-28 15:18:58,2011-08-24 18:33:50
409,DRAGON_Worton,-76.091633,39.285436,2011-07-14 14:55:34,2011-08-13 14:11:13
410,DRAGON_Yishun_ITE,103.844876,1.4346379999999999,2012-07-25 04:41:43,2012-10-03 07:09:27
411,Dahkla,-15.95,23.716667,2002-02-13 17:39:24,2005-11-07 12:32:24
412,Dakar,-16.958610999999998,14.394167000000001,2000-05-31 12:21:41,2020-02-06 15:52:51
413,Dakar_Belair,-17.4256,14.7017,2019-05-28 15:26:54,2020-02-12 17:55:02
414,Dalanzadgad,104.419167,43.577222,1998-03-13 00:24:13,2019-10-01 06:23:01
415,Dalma,52.331666999999996,24.502222,2004-07-10 14:07:44,2004-12-21 04:57:09
416,Darwin,130.8915,-12.424,2004-04-14 08:25:07,2010-08-18 05:06:22
417,Davos,9.843689999999999,46.81281,2001-07-21 12:27:27,2019-10-17 10:36:41
418,Dayton,-84.10961800000001,39.775977000000005,2008-09-03 16:21:40,2018-12-02 19:41:38
419,Dead_Sea,35.45,31.1,1999-10-27 07:53:00,2000-01-04 13:47:47
420,Denver_LaCasa,-105.00518000000001,39.77949,2015-05-07 21:27:11,2019-11-14 20:54:35
421,Dhabi,54.382778,24.480556,2000-08-11 10:40:35,2008-08-03 11:00:07
422,Dhadnah,56.32471700000001,25.512817000000002,2004-06-28 12:03:38,2010-06-07 14:06:01
423,Dhaka_University,90.39819,23.72839,2012-06-19 11:58:46,2019-07-05 08:30:14
424,Dibrugarh_Univ,94.896889,27.45085,2018-01-12 05:42:49,2019-10-20 10:27:43
425,DigitalGlobe_Cal,-105.13722,40.13889,2017-03-23 13:48:42,2018-11-06 19:20:53
426,Dilar,-3.385925,37.062981,2006-07-06 18:48:05,2006-10-28 16:00:08
427,Djougou,1.59901,9.760069999999999,2004-02-24 08:45:27,2007-05-06 17:08:35
428,Doi_Ang_Khang,99.0454,19.93245,2013-02-05 07:53:48,2019-06-01 10:07:23
429,Doi_Inthanon,98.485556,18.59,2016-11-04 00:08:17,2017-12-09 01:51:48
430,Dolly_Sods,-79.43,39.11,2013-06-14 18:33:42,2013-11-10 19:32:51
431,Donetsk,37.809444,48.020833,2012-07-26 06:50:56,2012-09-01 13:40:43
432,Dongsha_Island,116.72883300000001,20.698556,2003-12-15 01:20:53,2019-12-11 07:36:50
433,Douliu,120.5448,23.7117,2015-09-12 00:40:32,2018-01-15 01:52:57
434,Dry_Tortugas,-82.871944,24.628056,1996-06-12 18:01:46,2005-03-19 12:38:38
435,Dunedin,170.513644,-45.863937,2006-01-23 23:35:45,2009-08-02 23:15:25
436,Dunhuang,94.794,40.03838,2001-03-20 10:04:40,2001-05-12 00:37:25
437,Dunhuang_LZU,94.95503000000001,40.49237,2012-03-31 10:18:28,2012-05-02 10:22:03
438,Dunkerque,2.368117,51.03535,2003-07-18 14:57:40,2020-04-09 17:17:59
439,Durban_UKZN,30.944011,-29.817233,2015-02-24 05:11:08,2019-03-07 12:07:00
440,Dushanbe,68.857911,38.553264,2010-07-05 09:14:34,2018-04-11 05:41:48
441,EOPACE1,-75.75075,36.182167,1999-02-20 18:02:56,2000-02-10 13:34:42
442,EOPACE2,-75.74471700000001,36.183583,1999-02-26 15:17:12,1999-03-12 16:44:02
443,EPA-NCU,121.185483,24.967533,2004-12-09 03:03:42,2020-02-06 06:46:13
444,EPA-Res_Triangle_Pk,-78.87,35.88,2013-06-20 18:36:56,2019-11-24 18:33:02
445,ETNA,15.019433,37.6135,2003-07-16 10:21:21,2017-03-18 11:58:31
446,EVK2-CNR,86.814936,27.95775,2006-03-27 08:19:11,2012-10-10 05:01:13
447,EastMalling_MO,0.44,51.29,2016-07-28 08:56:59,2019-08-31 06:57:26
448,Easton-MDE,-76.08425,38.794971999999994,2014-08-29 18:06:35,2019-06-14 14:06:13
449,Easton_Airport,-76.07257,38.80745,2009-07-28 19:11:21,2014-08-26 15:08:05
450,Edinburgh,-3.17915,55.923967000000005,2011-08-03 16:29:09,2019-03-25 10:19:50
451,Eforie,28.632222,44.075,2009-09-12 04:31:24,2020-02-18 14:35:53
452,Egbert,-79.781414,44.231543,1997-08-19 12:03:34,2018-06-26 23:33:10
453,Egbert_X,-79.781414,44.231543,1997-08-19 11:18:39,2014-04-09 20:18:55
454,Eilat,34.9175,29.5025,2007-11-26 10:43:32,2019-07-20 04:00:30
455,El_Alto-Altiplano,-68.198583,-16.509972,2017-09-21 11:02:41,2019-01-27 18:46:24
456,El_Arenosillo,-6.733472,37.105,2000-02-16 10:57:26,2018-11-09 09:12:59
457,El_Farafra,27.990167,27.058,2014-03-04 05:15:17,2018-08-30 10:10:06
458,El_Nido_Airport,119.4135,11.2051,2012-08-22 02:36:30,2013-04-28 01:54:49
459,El_Segundo,-118.3823,33.9125,2008-11-17 16:39:36,2016-07-08 18:44:10
460,Elandsfontein,29.417571999999996,-26.245341999999997,2010-03-12 10:58:18,2011-02-01 05:58:38
461,Ellington_Field,-95.18,29.6,2006-03-04 15:48:53,2006-03-17 22:56:00
462,Epanomi,22.978,40.375,2006-07-17 07:04:39,2007-10-25 14:42:44
463,Ersa,9.359289,43.003669,2008-06-09 16:17:38,2018-10-10 09:33:37
464,Etosha_Pan,15.914382999999999,-19.175017,1996-10-02 15:57:45,2001-06-07 08:03:02
465,Evora,-7.9115,38.567833,2003-07-03 16:36:14,2019-07-05 06:30:13
466,Exeter_MO,-3.475167,50.728519,2015-01-27 10:52:57,2016-06-21 15:59:15
467,FLIN_FLON,-101.690002,54.669998,1994-05-19 20:59:14,1995-09-07 19:46:09
468,FORTH_CRETE,25.282417000000002,35.332694000000004,2003-01-04 09:54:49,2017-03-27 13:32:08
469,FZJ-JOYCE,6.413056,50.908333,2012-06-30 04:33:30,2019-12-05 14:10:45
470,Fang,99.206425,19.913397,2019-03-04 03:11:19,2019-06-02 00:56:53
471,Farmington_RSVP,-108.479991,36.797383,2011-04-19 17:05:19,2012-06-28 17:29:31
472,Finokalia-FKL,25.669762,35.337711999999996,2014-06-16 14:18:40,2019-01-30 09:39:38
473,Fontainebleau,2.680278,48.406667,2002-03-18 15:56:28,2008-09-16 07:39:12
474,Fort_McKay,-111.64,57.1835,2013-08-13 21:15:53,2019-09-12 22:08:08
475,Fort_McMurray,-111.47613899999999,56.752306000000004,2005-05-01 22:25:19,2019-03-15 00:09:56
476,Fowlers_Gap,141.70082,-31.0863,2013-04-21 21:41:46,2018-04-23 05:02:20
477,Frenchman_Flat,-115.93478999999999,36.80928,2006-12-12 23:26:21,2015-01-26 00:11:33
478,Fresno,-119.77316699999999,36.781733,2002-04-22 20:13:19,2012-01-14 23:58:43
479,Fresno_2,-119.77301999999999,36.78537,2012-01-16 16:04:05,2019-10-22 18:53:39
480,Fresno_X,-119.77316699999999,36.781733,2002-04-20 01:38:53,2002-05-15 17:41:22
481,Frioul,5.2933330000000005,43.266110999999995,2010-07-07 14:29:04,2017-02-19 16:20:10
482,Fuguei_Cape,121.53785900000001,25.297452,2014-03-14 06:49:41,2015-11-08 08:28:46
483,Fukue,128.682,32.752,2012-06-21 22:34:04,2013-02-04 07:29:28
484,Fukuoka,130.475,33.524,2012-06-03 01:12:59,2019-02-01 07:06:15
485,GISS,-73.9599,40.7977,2000-08-15 15:09:11,2002-10-01 14:32:48
486,GORDO_rest,-55.993,-15.401,1995-08-23 14:18:08,1995-08-25 18:17:38
487,GOT_Seaprism,101.4123,9.2862,2012-03-01 04:46:00,2016-02-01 01:37:54
488,GSFC,-76.839833,38.9925,1993-05-14 19:20:10,2019-05-14 23:04:05
489,Gageocho_Station,124.59291200000001,33.941990999999994,2011-10-17 04:38:34,2012-05-17 06:46:13
490,Gainesville_Airport,-82.261,29.695833,2010-09-02 14:45:07,2010-09-03 20:44:47
491,Gaithersburg,-77.208336,39.133334999999995,1994-12-08 18:01:37,1995-02-24 21:23:02
492,Galata_Platform,28.19319,43.044624,2014-04-12 08:53:55,2019-08-07 07:34:50
493,Gandhi_College,84.127944,25.871,2006-04-18 03:23:48,2019-11-03 10:43:49
494,Gangneung_WNU,128.867,37.771,2012-06-02 22:11:44,2019-02-08 00:53:08
495,Georgia_Tech,-84.399537,33.780202,2011-07-13 14:43:43,2019-08-12 17:58:38
496,Glasgow_MO,-4.531219999999999,55.9068,2016-08-30 12:55:14,2019-02-01 13:17:42
497,Gloria,29.35967,44.59997,2010-11-22 06:18:49,2019-08-26 15:06:15
498,Gobabeb,15.041058,-23.561619,2014-11-11 13:44:44,2019-09-16 16:15:47
499,Goldstone,-116.79166699999999,35.233333,2009-12-16 15:43:38,2019-03-16 22:42:08
500,Gorongosa,34.35075,-18.978417,2012-06-20 11:44:59,2017-02-15 11:12:59
501,Gosan_SNU,126.161667,33.292221999999995,2001-04-03 08:30:38,2016-09-13 07:05:49
502,Gotland,18.95,57.916667000000004,1999-07-09 16:55:47,2004-05-18 07:48:33
503,Gozo,14.264694,36.034139,2014-08-19 07:37:46,2019-11-18 07:00:08
504,Graciosa,-28.029721999999996,39.091111,2009-04-29 15:05:36,2011-01-04 12:42:44
505,Granada,-3.605,37.164,2004-12-29 11:47:15,2018-12-03 09:49:44
506,Grand_Forks,-97.32545,47.91175,2011-10-27 22:08:01,2019-01-16 21:59:04
507,Granite_Island,-87.412,46.7208,2018-06-19 15:01:47,2019-06-11 15:01:58
508,Grizzly_Bay,-122.05620800000001,38.108167,2019-02-19 21:30:54,2019-12-10 21:46:35
509,Guadeloup,-61.528378000000004,16.22492,1998-05-13 12:17:58,2019-01-08 12:12:16
510,Gual_Pahari,77.15047,28.426085999999998,2008-12-03 04:12:21,2017-08-25 07:24:47
511,Guam,144.800783,13.430617000000002,2006-04-06 03:09:40,2009-10-31 00:05:35
512,Gustav_Dalen_Tower,17.466829999999998,58.59417,2005-06-09 12:35:03,2019-09-24 14:32:37
513,Gwangju_GIST,126.843139,35.228278,2004-02-04 01:35:11,2019-04-12 09:01:17
514,HBOI,-80.3569,27.5343,2018-07-03 14:43:58,2018-07-13 13:16:20
515,HESS,16.502944,-23.273,2016-02-25 07:27:56,2018-05-03 13:36:43
516,HJAndrews,-122.22389199999999,44.238609000000004,1995-06-22 21:11:15,2011-12-21 23:22:49
517,HOPE-Hambach,6.4639,50.8972,2013-04-13 11:20:29,2013-06-04 12:43:52
518,HOPE-Inselhombroich,6.6436,51.1514,2013-04-24 14:02:23,2013-06-22 11:05:58
519,HOPE-Krauthausen,6.4145,50.8796,2013-04-13 06:48:25,2013-06-02 17:16:45
520,HOPE-Melpitz,12.927601,51.525525,2013-08-16 04:58:11,2013-10-16 15:10:30
521,HOPE-RWTH-Aachen,6.0606,50.7777,2013-04-06 17:08:19,2013-06-23 18:35:09
522,Hada_El-Sham,39.7289,21.802,2012-10-07 12:48:06,2014-06-11 08:36:29
523,Hagerstown,-77.724998,39.708332,1993-07-11 23:06:03,1993-08-04 21:39:20
524,Halifax,-63.594,44.638,2002-06-26 15:26:32,2018-08-04 22:28:05
525,Hamburg,9.973333,53.568332999999996,2000-06-15 12:51:30,2018-06-06 09:19:48
526,Hamim,54.3,22.966667,2004-06-22 12:22:08,2007-08-07 03:29:39
527,Hampton_Roads,-76.449997,36.783333,1996-06-04 14:50:04,1996-09-02 16:21:22
528,Hampton_University,-76.3365,37.0204,2017-05-26 19:48:07,2019-11-04 18:09:16
529,Hangzhou-ZFU,119.72741699999999,30.257233000000003,2007-08-08 00:43:54,2007-08-18 08:50:57
530,Hankuk_UFS,127.26581999999999,37.33883,2012-06-16 22:40:55,2019-09-16 06:57:00
531,Hart_Miller_Island,-76.3628,39.2419,2018-06-14 15:18:16,2018-08-14 11:29:00
532,Harvard_Forest,-72.188,42.532,2008-07-11 21:30:23,2015-10-11 21:06:52
533,Helgoland,7.887361,54.177861,1999-02-12 10:48:38,2014-10-08 10:02:08
534,Helsinki,24.96065,60.20373299999999,2008-10-04 13:09:40,2019-06-18 10:51:56
535,Helsinki_Lighthouse,24.92636,59.948969999999996,2006-05-17 05:00:41,2019-09-17 08:07:33
536,Heng-Chun,120.6995,22.054742,2013-03-09 03:39:07,2015-05-11 07:44:33
537,Henties_Bay,14.259739999999999,-22.09506,2011-11-26 10:37:13,2018-11-08 12:47:41
538,Hermosillo,-110.96,29.074721999999998,2001-02-27 17:45:25,2011-10-10 14:42:38
539,HohenpeissenbergDWD,11.0119,47.8019,2013-04-24 10:29:56,2019-03-26 15:47:35
540,Hokkaido_University,141.3407,43.0755,2015-10-06 03:32:35,2019-09-21 07:30:47
541,Homburi,-1.546667,15.329167000000002,2001-06-11 12:32:41,2002-04-06 10:40:45
542,Hong_Kong_Hok_Tsui,114.258,22.2097,2007-10-10 07:36:52,2010-07-25 03:30:05
543,Hong_Kong_PolyU,114.179722,22.303333,2005-11-04 07:34:52,2017-03-28 01:29:26
544,Hong_Kong_Sheung,114.1166,22.4833,2012-02-01 07:57:33,2018-10-28 08:17:44
545,Honolulu,-157.8861,21.3172,1998-10-11 19:19:19,1998-12-15 00:56:48
546,Hornsund,15.54028,77.00148,2004-05-07 14:10:08,2017-09-22 12:21:01
547,Howland,-68.7402,45.2041,1998-08-05 19:39:11,2009-01-09 16:57:53
548,Hua_Hin,99.951111,12.634444,2003-02-21 07:20:07,2003-05-23 07:48:35
549,Huambo,15.7046,-12.8679,2017-07-24 12:18:51,2018-09-10 15:47:26
550,Huancayo-IGP,-75.3209,-12.0402,2015-03-20 14:36:40,2019-12-02 19:09:22
551,Huelva,-6.5687,37.0163,2010-03-18 08:35:21,2016-05-09 15:53:24
552,Hyytiala,24.295892000000002,61.846447,2008-02-14 09:08:12,2019-11-06 10:07:25
553,IAOCA-KRSU,78.52895,42.46383,2014-03-20 02:15:39,2017-05-25 08:13:54
554,IASBS,48.507111,36.705166999999996,2009-12-05 04:36:16,2018-05-03 02:50:40
555,ICIPE-Mbita,34.206062,-0.431525,2006-03-20 04:37:55,2017-07-13 10:01:02
556,IER_Cinzana,-5.933867,13.278432999999998,2004-06-01 08:52:23,2019-02-04 16:10:49
557,IHOP-Homestead,-100.606183,36.558333000000005,2002-05-15 12:25:49,2002-06-23 14:08:40
558,IIT_KGP_EXT_Kolkata,88.418,22.574,2009-02-17 04:42:13,2009-06-16 11:37:06
559,IMAA_Potenza,15.7237,40.601254,2004-12-07 12:55:58,2019-06-05 12:41:00
560,IMC_Oristano,8.5,39.91,2000-05-30 13:09:36,2003-10-19 14:43:11
561,IMPROVE-MammothCave,-86.1479,37.1318,2013-06-12 20:30:11,2019-12-04 17:50:30
562,IMS-METU-ERDEMLI,34.255,36.565,1999-11-12 06:44:03,2019-04-10 08:45:13
563,ISDGM_CNR,12.331982,45.436981,2002-03-12 10:51:57,2007-07-15 16:34:28
564,Iasi_LOASL,27.555556,47.193056,2012-05-07 13:07:13,2019-10-09 10:57:50
565,Ieodo_Station,125.182447,32.122953,2013-11-30 05:28:46,2018-11-22 00:41:18
566,Ilorin,4.6745,8.4841,1998-04-25 11:25:39,2019-09-26 16:59:56
567,Inhaca,32.905,-26.040582999999998,2000-03-31 06:49:14,2002-05-25 14:09:12
568,Iqaluit,-68.542997,63.747575,2008-03-26 19:19:47,2017-05-27 00:14:27
569,Irbe_Lighthouse,21.72297,57.750919999999994,2018-07-23 13:21:51,2019-09-23 12:01:18
570,Irkutsk,103.08664399999999,51.799797,2004-01-16 04:18:06,2019-09-25 09:33:41
571,Ispra,8.6267,45.80305,1997-06-28 12:29:11,2019-01-10 09:34:43
572,Issyk-Kul,76.983056,42.622778000000004,2007-08-18 01:11:47,2016-05-11 07:04:22
573,Itajuba,-45.452389000000004,-22.41325,2013-05-14 10:39:00,2017-07-17 18:08:23
574,Ittoqqortoormiit,-21.9512,70.4848,2010-05-10 13:25:16,2019-09-27 09:17:39
575,Izana,-16.49906,28.30932,1997-06-15 14:21:44,2019-06-19 19:21:41
576,Jabal_Hafeet,55.776382999999996,24.058217000000003,2004-06-27 07:30:05,2004-10-13 05:34:44
577,Jabiru,132.8931,-12.6607,2001-10-25 08:29:48,2019-11-24 08:29:35
578,Jaipur,75.806217,26.905817,2009-04-03 01:27:49,2017-12-18 09:38:54
579,JamTown,-63.1798,-9.190911,1995-09-02 17:28:58,1995-09-11 16:10:45
580,Jambi,103.641563,-1.6324450000000001,2012-07-24 03:30:57,2019-10-26 02:59:13
581,James_Res_Center,-76.659176,35.872594,2013-09-25 21:13:15,2013-10-26 19:21:28
582,Jaru_Reserve,-61.933333,-10.083333,2002-06-30 16:19:03,2002-10-15 14:39:36
583,Ji_Parana,-61.799999,-10.86,1994-08-02 11:14:29,2017-10-13 15:39:43
584,Ji_Parana_SE,-61.851517,-10.93425,2006-01-21 20:26:48,2019-09-24 19:17:20
585,Ji_Parana_UNIR,-61.9686,-10.882211999999999,2002-07-15 20:05:18,2002-11-17 15:53:40
586,Jingtai,104.1,37.333333,2008-02-26 06:17:49,2008-05-30 11:15:32
587,Joberg,28.029166999999998,-26.186132999999998,1998-09-01 10:54:57,2000-03-15 07:20:17
588,Jomsom,83.7142,28.778214000000002,2011-06-14 08:40:22,2015-05-11 07:07:27
589,JonesERC,-84.471111,31.230829999999997,1996-01-24 17:50:40,1996-04-02 21:32:38
590,Jug_Bay,-76.778099,38.766666,1995-03-10 12:57:20,1995-03-12 22:15:56
591,KAUST_Campus,39.102833000000004,22.304833,2012-02-24 04:30:44,2019-10-21 14:15:31
592,KEMPTEN_UAS,10.314133,47.715833,2018-08-15 15:24:59,2019-07-24 12:26:49
593,KIOST_Ansan,126.831667,37.285983,2015-04-23 00:16:49,2015-04-24 08:24:12
594,KITcube_Masada,35.372296999999996,31.322546999999997,2014-07-23 04:41:34,2014-12-07 08:00:37
595,KITcube_Save,2.427925,8.000928,2016-06-08 12:05:02,2016-07-29 17:33:04
596,KONZA_EDC,-96.6096,39.102328,2000-06-16 19:12:58,2015-12-03 22:09:54
597,KORUS_Baeksa,127.5691,37.411559999999994,2016-04-22 07:10:38,2016-06-14 07:00:26
598,KORUS_Daegwallyeong,128.75871999999998,37.68712,2016-03-10 02:36:19,2016-06-16 03:56:04
599,KORUS_Iksan,127.0052,35.9622,2016-03-03 05:59:47,2016-06-12 09:59:15
600,KORUS_Kyungpook_NU,128.606416,35.889989,2016-03-02 03:38:52,2017-02-14 03:55:16
601,KORUS_Mokpo_NU,126.43736000000001,34.91342,2016-03-19 05:42:57,2017-02-02 03:42:56
602,KORUS_NIER,126.63971000000001,37.56893,2016-03-18 08:00:12,2016-06-10 08:21:56
603,KORUS_Olympic_Park,127.12418000000001,37.52165,2016-04-29 22:09:06,2016-06-15 02:50:25
604,KORUS_Songchon,127.48946000000001,37.33849,2016-04-22 02:31:16,2016-06-15 03:03:56
605,KORUS_Taehwa,127.31033000000001,37.31248,2016-04-11 06:32:08,2016-06-14 06:19:26
606,KORUS_UNIST_Ulsan,129.1897,35.5819,2016-03-03 06:48:17,2017-02-01 07:54:19
607,Kaashidhoo,73.466,4.965,1998-02-20 07:21:08,2000-11-07 09:21:51
608,Kaiping,112.5386,22.3152,2008-10-09 06:25:38,2008-11-19 09:04:16
609,Kandahar,65.847778,31.508611,2008-04-26 12:47:21,2008-06-10 06:37:36
610,Kangerlussuaq,-50.6214,66.9958,2008-04-01 13:41:10,2018-09-22 19:46:17
611,Kanpur,80.231639,26.512778000000004,2001-01-22 10:36:59,2019-10-04 02:01:49
612,Kanzelhohe_Obs,13.901269000000001,46.677232000000004,2001-02-20 09:34:17,2019-10-08 11:08:00
613,Kaohsiung,120.292171,22.675621,2018-01-24 05:56:41,2019-04-24 03:12:51
614,Kaoma,24.794832999999997,-14.792667000000002,2000-08-25 09:53:52,2000-09-07 05:26:42
615,Kapoho,-154.810806,19.516222,2005-03-23 19:00:32,2005-04-29 20:24:37
616,Karachi,67.13594,24.94574,2006-08-30 12:31:06,2018-01-20 12:13:19
617,Karlsruhe,8.4279,49.0933,2005-03-21 16:35:13,2019-10-14 07:52:10
618,Karunya_University,76.7441,10.9353,2014-03-12 04:49:08,2018-11-20 04:03:37
619,Kashi,75.9304,39.5043,2019-03-31 01:55:30,2019-04-23 04:55:20
620,Kathmandu-Bode,85.39,27.68,2012-12-19 10:33:56,2016-06-13 03:19:32
621,Kathmandu_Univ,85.538333,27.601066999999997,2009-04-11 10:34:07,2010-06-03 03:26:27
622,Katibougou,-7.532,12.916667,1999-10-09 07:40:01,1999-10-15 16:35:13
623,Kejimkujik,-65.2833,44.383333,1998-07-13 21:55:10,2002-03-24 21:28:28
624,Kellogg_LTER,-85.371717,42.407983,2003-05-29 20:09:52,2019-07-12 00:25:07
625,Kelowna,-119.373,49.955333,2018-08-24 17:51:56,2019-05-13 14:00:00
626,Kelowna_UAS,-119.40011100000001,49.941294,2004-09-28 23:41:00,2018-08-24 16:15:24
627,Key_Biscayne,-80.16333,25.731966,1995-07-12 11:21:02,2019-02-03 20:43:38
628,Key_Biscayne2,-80.16333,25.731966,2011-05-24 12:55:47,2018-12-31 21:43:46
629,Kibale,30.3575,0.56045,2005-12-08 06:03:25,2007-01-05 15:25:23
630,Kirtland_AFB,-106.507403,34.95081,2007-09-16 16:02:17,2009-02-05 17:51:06
631,Kluane_Lake,-138.41,61.027,2018-05-14 14:12:29,2019-09-28 21:35:43
632,Kobe,135.291,34.72,2012-06-03 08:39:59,2012-11-01 00:50:53
633,Koforidua_ANUC,-0.302058,6.109408,2015-12-15 10:41:38,2019-04-15 17:29:57
634,Kolimbari,23.783333,35.533333,1999-05-06 13:07:17,1999-05-26 14:22:21
635,Konza,-96.559667,39.0825,1999-07-11 15:02:08,2012-01-09 18:39:32
636,Korea_University,127.02507,37.58514,2012-06-02 00:40:57,2012-07-26 06:03:58
637,Kosetice_Inoe,15.115,49.558,2017-06-17 04:30:40,2017-06-22 07:17:24
638,Krasnoyarsk,92.766667,55.983332999999995,2001-02-23 03:18:49,2002-09-24 06:57:19
639,Kuching,110.348611,1.490556,2011-08-02 01:45:33,2018-10-29 03:35:03
640,Kuopio,27.633606,62.892414,2008-04-11 08:26:10,2019-05-06 13:16:38
641,Kuujjuarapik,-77.76,55.28,2002-11-27 18:13:06,2017-09-01 21:51:55
642,Kuwait_Airport,47.972,29.242,2009-04-25 11:01:57,2009-05-21 14:11:24
643,Kuwait_Inst_Sci_Res,47.906453000000006,29.337914,2015-08-18 09:53:06,2015-08-19 08:23:06
644,Kuwait_University,47.971,29.325,2006-06-03 06:04:07,2010-06-12 14:55:56
645,Kyanjin_Gompa,85.5663,28.211258,2017-10-21 05:03:02,2018-11-22 10:03:10
646,Kyiv-AO,30.498,50.4523,2012-05-05 07:55:38,2012-07-19 15:32:47
647,Kyiv,30.496667,50.363611,2007-04-23 09:57:09,2018-12-02 12:33:18
648,Kyungil_University,128.82361,36.071667,2012-11-12 06:10:04,2012-12-19 04:52:48
649,LAMTO-STATION,-5.026617,6.223517,1997-11-07 06:46:16,2019-04-03 17:41:17
650,LAQUILA_Coppito,13.350635999999998,42.368386,2015-04-02 09:11:11,2019-02-13 11:52:19
651,LISCO,-73.341767,40.954516999999996,2009-10-02 11:49:57,2019-01-25 14:36:14
652,LMOS_Zion_Site,-87.810047,42.467573,2017-06-04 22:56:06,2017-06-21 14:38:37
653,LOS_FIEROS_98,-60.929,-14.556,1998-06-02 15:33:12,2000-01-05 16:05:02
654,LSU,-91.183883,30.406778000000003,2010-04-15 16:20:38,2010-04-21 14:49:15
655,LW-SCAN,-97.97884,34.96047,2003-06-21 16:49:20,2003-07-19 12:31:42
656,La_Crau,4.819,43.5765,2006-06-26 09:59:06,2019-08-30 07:08:34
657,La_Jolla,-117.25113,32.86846,2000-02-29 16:41:17,2019-02-20 18:48:56
658,La_Laguna,-16.321111,28.481944,2006-07-18 08:32:30,2018-04-18 16:43:45
659,La_Parguera,-67.045383,17.97045,2000-07-01 10:38:12,2018-12-03 18:48:41
660,La_Paz,-68.066467,-16.539,2006-02-18 13:32:30,2019-05-26 19:56:28
661,Laegeren,8.364352,47.478349,2003-08-13 08:36:23,2014-10-24 13:18:10
662,Lahore,74.26406,31.479870000000002,2006-12-29 04:35:04,2017-04-26 07:18:40
663,Lake_Argyle,128.7485,-16.1081,2001-10-28 04:24:40,2019-09-14 08:43:09
664,Lake_Erie,-83.1936,41.8256,2016-07-19 16:39:43,2019-09-24 18:05:54
665,Lake_Lefroy,121.705,-31.255,2012-06-08 01:53:14,2019-12-23 07:57:23
666,Lake_Okeechobee,-80.7892,26.9017,2018-08-09 17:05:36,2019-10-24 13:39:16
667,Lamezia_Terme,16.2321,38.8764,2016-05-25 09:49:46,2020-02-02 14:09:29
668,Lampedusa,12.631667,35.516667,2000-06-27 16:03:11,2018-07-05 10:29:26
669,Lan_Yu_Island,121.55811100000001,22.037306,2001-02-15 23:21:43,2001-05-07 09:10:39
670,Lanai,-156.92166699999999,20.735,1997-07-01 01:01:55,2004-02-04 03:36:07
671,Langtang,85.492517,28.012233000000002,2009-04-24 04:47:04,2009-05-21 00:40:31
672,Langtang_BC,85.60978100000001,28.214431,2017-10-23 05:02:33,2018-11-24 10:37:32
673,Lanzhou_City,103.8534,36.04805,2009-10-02 06:10:07,2010-03-13 07:23:20
674,Las_Galletas,-16.6545,28.0152,2012-06-12 06:55:31,2012-06-17 19:20:40
675,Le_Fauga,1.2846,43.38423,2001-02-02 09:24:24,2013-09-25 13:03:29
676,Learmonth,114.0967,-22.2407,2017-10-30 04:38:08,2019-11-14 10:02:11
677,Lecce_University,18.111389000000003,40.335111,2003-03-08 07:22:35,2019-10-16 05:54:18
678,Leicester,-1.1223100000000001,52.61931,2007-08-05 08:41:39,2007-10-30 10:34:27
679,Leipzig,12.435278,51.3525,2001-05-20 05:09:55,2020-02-12 12:04:23
680,Leland_HS,-90.89285,33.402128000000005,2013-06-17 23:38:23,2013-11-08 13:15:50
681,Lerwick_MO,-1.1851129999999999,60.139371999999995,2016-08-10 06:32:40,2019-03-11 16:25:08
682,Liangning,122.7013,41.5118,2005-04-04 06:23:34,2005-07-06 06:24:21
683,Lille,3.141667,50.611667,1995-06-30 15:21:29,2020-03-19 15:28:58
684,Lingshan_Mountain,115.4962,40.0537,2014-05-20 00:35:55,2014-05-20 10:22:51
685,Litang,100.26185,29.9763,2011-10-13 00:02:11,2011-10-15 10:01:22
686,Lochiel,-122.602,49.028,2001-08-08 18:51:47,2001-10-02 23:37:21
687,Loftus_MO,-0.861733,54.5627,2016-04-28 07:42:57,2019-07-24 09:19:32
688,London-UCL-UAO,-0.131101,51.52427,2009-06-25 15:09:42,2010-11-28 14:34:18
689,Longyearbyen,15.649,78.222833,2003-04-25 08:51:09,2018-08-13 13:33:16
690,Lopburi,101.187361,15.266667000000002,2018-09-24 01:38:32,2018-12-20 08:23:34
691,Los_Alamos,-106.326067,35.873583,2003-11-17 15:32:30,2018-05-18 15:17:28
692,Los_Fieros,-60.61666700000001,-14.55,1996-07-13 18:12:09,1997-07-27 13:56:44
693,Loskop_Dam,29.351623999999997,-25.407575,2011-08-01 06:11:22,2011-08-04 14:45:01
694,Luang_Namtha,101.4162,20.9311,2001-04-19 00:54:11,2019-02-27 10:38:27
695,Lubango,13.445,-14.958,2016-02-17 06:29:49,2019-10-21 05:29:07
696,Lucinda,146.3861,-18.5198,2009-10-28 23:05:11,2018-12-05 05:50:50
697,Lugansk,39.36472,48.5704,2011-11-19 06:09:43,2012-08-31 15:13:46
698,Lulin,120.87361100000001,23.468611,2006-03-30 08:15:17,2019-02-25 04:07:47
699,Lumbini,83.28,27.49,2013-01-20 07:22:51,2018-08-23 09:57:43
700,Lunar_Lake,-115.98838300000001,38.390083000000004,1997-06-23 00:01:32,2000-06-11 22:59:26
701,MAARCO,54.658832999999994,24.700332999999997,2004-08-08 09:12:50,2004-10-02 05:41:33
702,MALE,73.529167,4.191667,1998-02-04 05:50:48,2004-02-21 04:22:42
703,MAXAR_FUTON,-104.885,40.03556,2019-03-06 17:47:02,2019-10-22 19:19:49
704,MCO-Hanimaadhoo,73.183183,6.77635,2004-11-09 02:36:40,2019-09-04 09:52:30
705,MD_Science_Center,-76.612052,39.28123,1999-09-09 14:35:01,2019-07-02 20:40:56
706,MISR-JPL,-118.17438999999999,34.199,1996-06-28 18:11:38,2016-06-10 02:08:46
707,MPI_Mainz,8.2375,49.992,2000-10-07 08:30:35,2000-10-16 08:58:18
708,MVCO,-70.5667,41.325,2003-10-11 17:04:15,2018-06-20 17:29:27
709,Mace_Head,-9.89944,53.32583,2003-10-21 08:28:35,2004-02-22 16:37:48
710,Madrid,-3.72395,40.4519,2012-03-29 17:36:56,2019-05-28 08:28:07
711,Maeson,99.17069000000001,19.830460000000002,2014-02-22 03:53:08,2014-04-22 10:58:32
712,Maggie_Valley,-83.09473,35.519816,2014-05-02 18:00:18,2014-06-14 16:18:22
713,Magurele_Inoe,26.030703,44.348292,2015-05-22 05:07:03,2019-03-25 14:36:34
714,Mainz,8.3,49.999,2003-11-05 09:11:13,2019-05-23 06:22:02
715,Majadas,-5.775914,39.955031,2018-06-16 07:46:08,2018-07-18 18:23:55
716,Makassar,119.57226999999999,-4.99768,2015-07-31 22:50:04,2018-11-13 04:22:49
717,Malaga,-4.478153,36.715241999999996,2008-11-06 11:17:58,2016-07-15 10:31:27
718,Maldives_Gan,73.15,-0.6905,2018-01-15 07:50:15,2020-02-12 07:52:42
719,Mammoth_Lake,-119.03333300000001,37.616667,2000-01-28 15:56:15,2000-02-05 16:25:31
720,Manaus,-60.03864,-2.59908,2008-03-02 13:13:28,2008-10-12 15:47:40
721,Manaus_EMBRAPA,-59.969778000000005,-2.8905279999999998,2011-02-21 16:59:51,2019-05-27 20:22:52
722,Mandalay_MTU,96.186136,21.972896,2017-02-23 09:30:54,2018-11-30 08:51:35
723,Manila_Observatory,121.07784,14.63525,2009-01-18 23:06:17,2018-10-16 23:46:27
724,Manus,147.425,-2.06,2010-11-03 03:09:49,2014-07-09 03:30:57
725,Marambio,-56.625243999999995,-64.23999599999999,2008-02-10 09:49:18,2018-04-25 17:45:02
726,Marbella_San_Pedro,-4.9934389999999995,36.486309000000006,2011-06-16 07:18:22,2011-08-23 11:38:47
727,Maricopa,-111.972298,33.069023,2000-03-24 21:19:53,2010-07-09 13:55:59
728,Marina,-121.787993,36.806284000000005,1999-06-25 20:25:24,1999-07-01 02:02:47
729,Marseille,5.383817,43.2824,2001-06-06 11:22:56,2001-07-17 08:45:27
730,Masdar_Institute,54.6166,24.4416,2012-06-08 08:39:08,2019-03-11 09:00:58
731,Maun_Tower,23.55,-19.9,2000-09-13 12:22:48,2020-02-06 11:16:56
732,Mauna_Loa,-155.576755,19.536006,1994-06-04 00:37:12,2020-04-19 04:03:47
733,McCall_AB_Polar,-116.11556100000001,44.870242,2019-07-22 21:03:32,2019-08-13 22:50:14
734,McCall_AB_Standard,-116.11556100000001,44.870242,2019-07-22 21:26:18,2019-09-02 01:25:23
735,McCall_Dragon_1,-116.1962,44.764,2019-07-26 00:29:07,2019-09-02 00:10:42
736,McCall_Dragon_3,-116.2894,45.0385,2019-07-24 16:37:05,2019-09-03 01:15:44
737,McCall_Dragon_4,-115.9146,45.2767,2019-07-24 15:20:33,2019-09-04 01:16:07
738,McCall_Dragon_5,-115.6834,45.2674,2019-07-24 23:04:39,2019-09-03 19:28:21
739,McCall_Dragon_6,-116.0255,45.4056,2019-07-24 00:51:00,2019-09-03 21:34:43
740,McCall_Dragon_7,-116.029647,45.423489000000004,2019-07-23 23:47:11,2019-09-04 21:45:37
741,McCall_Dragon_8,-115.84511499999999,45.268874,2019-08-14 00:48:32,2019-09-03 20:55:43
742,McCall_Dragon_9,-115.84903700000001,45.272417,2019-08-15 13:37:40,2019-08-19 15:56:14
743,McClellan_AFB,-121.39944399999999,38.667777,2010-06-08 13:34:37,2010-06-12 16:36:12
744,McMurdo,162.883331,-77.625,1995-01-10 23:17:11,1997-12-26 16:53:38
745,Medellin,-75.577914,6.2606720000000005,2012-09-02 18:12:07,2019-12-02 16:42:25
746,Medenine-IRA,10.642547,33.499633,2014-07-24 06:43:36,2019-11-27 11:12:53
747,Melpitz,12.927601,51.525525,2017-02-15 11:30:53,2017-04-09 14:00:58
748,Merredin,118.22638899999998,-31.493056,2006-01-19 02:43:51,2006-03-30 09:25:50
749,Mesa_Lakes,-108.0981,39.052,2016-10-04 16:58:40,2016-12-18 22:12:42
750,Messina,15.566832999999999,38.1975,2005-03-01 10:26:26,2019-05-17 06:14:13
751,MetObs_Lindenberg,14.120870000000002,52.209275,2013-09-11 06:11:06,2019-11-11 13:59:01
752,Mexico_City,-99.181667,19.333610999999998,1999-02-22 16:37:20,2018-07-24 20:58:44
753,Mezaira,53.75466,23.10452,2004-06-07 10:07:44,2018-05-08 04:59:06
754,Miami,-80.27972,25.722920000000002,1999-05-21 18:18:09,2011-05-23 23:14:18
755,Midway_Island,-177.378333,28.209833000000003,2001-01-23 01:01:47,2015-01-16 03:28:09
756,Migal,35.578278000000005,33.236394,2018-06-17 09:27:17,2019-10-03 08:12:43
757,Milyering,113.92308,-22.02919,2006-04-20 06:54:04,2006-05-21 00:12:39
758,Mingo,-90.1432,36.9717,2013-06-14 16:01:33,2018-09-21 16:12:12
759,Minqin,102.959,38.607,2010-05-18 07:05:33,2010-06-19 23:57:13
760,Minsk,27.601,53.92,2002-07-30 07:16:53,2019-09-27 14:48:44
761,Misamfu,31.2241,-10.1712,2017-08-23 15:00:01,2019-07-29 06:58:08
762,Missoula,-114.08333600000002,46.916668,2000-08-24 15:17:03,2019-04-02 20:39:22
763,Missoula_Health_Dpt,-113.995597,46.875753,2019-07-12 16:11:53,2019-10-07 23:59:31
764,Missoula_Midslope,-114.02588899999999,46.999860999999996,2019-07-11 20:11:54,2019-09-27 18:48:26
765,Missoula_Pt_Six,-113.986306,47.041333,2019-07-11 22:01:43,2019-09-25 23:13:44
766,Missoula_Waterworks,-113.987222,46.880881,2019-07-11 13:01:42,2019-09-27 17:53:02
767,Mobile_C_050608,80.48859,26.30289,2008-05-06 02:12:55,2008-05-06 11:52:35
768,Mobile_C_060708,80.52679499999999,26.449369,2008-06-07 03:09:52,2008-06-07 10:03:53
769,Mobile_DDun_051308W,77.948764,30.234656,2008-05-13 06:00:07,2008-05-13 09:45:40
770,Mobile_Kanpur_East,80.439397,26.458519,2008-05-10 05:15:54,2008-05-26 08:54:54
771,Mobile_Kanpur_SE,80.41811,26.378525,2008-05-30 09:36:53,2008-05-30 09:44:56
772,Mobile_Kanpur_South,80.300721,26.352915999999997,2008-05-30 09:37:02,2008-05-30 12:44:36
773,Mobile_Kanpur_W2,80.12172,26.4185,2008-06-11 05:06:54,2008-06-11 06:06:58
774,Mobile_Kanpur_West,80.123238,26.419177,2008-05-10 05:09:59,2008-05-26 07:30:55
775,Mobile_N_050608,80.43907,26.506240000000002,2008-05-06 03:00:53,2008-05-06 11:17:41
776,Mobile_N_051308W,78.77762,26.99431,2008-05-13 05:54:58,2008-05-13 07:42:09
777,Mobile_N_051508E,81.928933,26.773544,2008-05-15 06:24:56,2008-05-15 08:44:38
778,Mobile_N_052908W,78.8266,26.9524,2008-05-29 05:00:53,2008-05-29 08:51:55
779,Mobile_N_053108E,81.97021,26.76874,2008-05-31 07:03:56,2008-05-31 09:03:59
780,Mobile_N_060708,80.50574499999999,26.530687,2008-06-07 03:38:43,2008-06-07 10:45:54
781,Mobile_N_061408W,78.8578,26.927970000000002,2008-06-14 04:33:53,2008-06-14 04:33:53
782,Mobile_S_011509_ND,76.93955,28.348240000000004,2009-01-15 04:21:56,2009-01-15 04:21:56
783,Mobile_S_050608,80.53282,26.12513,2008-05-06 02:30:52,2008-05-06 11:45:12
784,Mobile_S_051308W,78.869934,26.636032,2008-05-13 05:41:47,2008-05-13 07:41:50
785,Mobile_S_051508E,82.061369,26.242848,2008-05-15 05:57:55,2008-05-15 07:24:57
786,Mobile_S_052908W,78.8989,26.6637,2008-05-29 04:48:55,2008-05-29 08:51:55
787,Mobile_S_060708,80.610912,26.105807000000002,2008-06-07 03:22:39,2008-06-07 11:03:49
788,Mobile_S_062308,80.570527,26.147783,2008-06-23 04:06:57,2008-07-26 12:32:53
789,Modena,10.945278,44.631667,2000-05-23 12:59:35,2019-07-25 13:53:14
790,Modesto,-120.99422,37.64217,2016-06-14 00:41:26,2019-08-26 23:36:49
791,Moldova,28.8156,47.0008,1999-09-03 04:20:30,2018-11-10 13:37:27
792,Monclova,-101.47,25.95,1998-05-21 17:43:06,1998-05-24 12:40:44
793,Mongu,23.150833,-15.253611,1997-06-05 05:30:32,2010-01-16 15:24:40
794,Mongu_Inn,23.134332999999998,-15.266667000000002,2013-09-24 10:05:48,2019-03-24 15:14:45
795,Mont_Joli,-68.156,48.64,1999-06-24 16:35:06,2001-10-21 19:17:10
796,Monterey,-121.854867,36.59255,1998-05-13 21:04:26,2020-03-13 01:26:43
797,Montesoro_Bastia,9.43505,42.671983000000004,2012-07-26 14:59:19,2013-07-11 17:29:48
798,Montsec,0.729689,42.051417,2011-04-07 10:45:05,2018-04-21 15:11:35
799,Moscow_MSU_MO,37.522019,55.706947,2001-08-28 08:47:34,2018-10-01 11:50:46
800,Moss_Landing,-121.78816699999999,36.793133000000005,2004-07-27 19:12:50,2006-09-13 01:34:00
801,Mount_Chacaltaya,-68.1315,-16.350139000000002,2006-08-09 13:00:12,2018-12-18 19:09:59
802,Mount_Wilson,-118.0559,34.2247,2016-07-15 16:04:15,2016-12-29 19:55:06
803,Mukdahan,104.67611099999999,16.606667,2003-11-07 06:00:39,2010-05-29 05:00:07
804,Munich_Maisach,11.258,48.209,2002-03-13 12:24:41,2004-06-16 18:03:09
805,Munich_University,11.573,48.148,2001-11-16 07:59:34,2019-05-07 06:13:36
806,Murcia,-1.1707,38.001,2012-09-25 12:12:18,2019-03-25 11:11:49
807,Muscat,58.435667,23.606382999999997,2006-08-19 07:41:31,2006-11-08 04:56:10
808,Mussafa,54.466667,24.371667000000002,2004-10-04 10:26:40,2010-09-25 13:31:53
809,Muztagh_Ata,75.038764,38.408221999999995,2011-06-06 01:12:51,2011-10-14 05:56:07
810,Mwinilunga,24.430667,-11.74,2000-08-08 15:12:35,2000-09-24 08:15:13
811,Myanmar,96.1538,16.864967,2010-09-26 04:13:04,2013-04-26 08:34:02
812,NAM_CO,90.96245,30.772516999999997,2006-08-06 07:32:35,2018-04-10 11:38:17
813,NASA_Ames,-122.056969,37.419986,2007-03-26 18:35:44,2017-04-04 20:14:53
814,NASA_KSC,-80.663476,28.463763,2016-05-19 22:38:00,2019-04-13 12:11:26
815,NASA_LaRC,-76.37864,37.10496,2004-11-05 19:34:58,2019-07-25 23:27:27
816,NCU_Taiwan,121.18750800000001,24.967662,1998-04-17 00:40:36,2013-07-11 07:10:43
817,ND_Marbel_Univ,124.84253100000001,6.496011,2009-12-17 04:37:20,2018-02-21 22:53:03
818,NEON-Boulder,-105.26821000000001,40.007870000000004,2010-10-08 23:29:18,2011-09-12 19:13:46
819,NEON-CPER,-104.744238,40.812444,2013-06-25 14:55:04,2019-10-30 18:53:55
820,NEON-Disney,-81.4362,28.125039,2015-01-05 20:43:38,2019-01-29 21:11:56
821,NEON-HQ,-105.245625,40.016681,2013-06-27 15:04:32,2013-06-27 22:49:32
822,NEON-SoaprootSaddle,-119.281139,37.037434000000005,2013-06-12 16:12:30,2013-06-15 23:06:39
823,NEON17-SJER,-119.722136,37.090419,2011-09-23 18:22:32,2013-06-14 00:50:43
824,NEON_BARR,-156.61936,71.28241,2017-04-19 02:56:22,2019-10-15 00:13:50
825,NEON_BONA,-147.50258300000002,65.154033,2018-09-14 00:32:17,2019-09-16 00:06:51
826,NEON_Bartlett,-71.287203,44.063881,2014-10-20 18:16:00,2019-08-26 18:03:18
827,NEON_CLBJ,-97.57,33.40123,2017-02-09 23:05:51,2020-01-20 23:01:10
828,NEON_CVALLA,-105.16725,40.16063,2012-02-13 22:16:24,2019-12-17 22:24:04
829,NEON_DEJU,-145.751361,63.88111899999999,2017-05-04 16:58:40,2019-07-17 02:10:54
830,NEON_GRSM,-83.50195,35.688961,2017-02-21 16:48:58,2019-03-07 18:55:44
831,NEON_GUAN,-66.8687,17.96955,2017-02-09 21:12:02,2019-03-19 12:09:19
832,NEON_GrandJunction,-108.5355,39.1271,2012-05-04 13:02:10,2012-05-11 19:41:32
833,NEON_HEAL,-149.213339,63.875689,2016-05-28 01:10:09,2019-10-20 23:12:46
834,NEON_Harvard,-72.172661,42.5369,2014-10-20 19:34:29,2019-09-23 11:44:17
835,NEON_HarvardForest,-72.189899,42.533074,2012-08-08 15:10:10,2012-08-09 16:55:05
836,NEON_HighParkFire,-105.335581,40.624173,2012-10-30 16:45:52,2013-07-16 18:07:52
837,NEON_Ivanpah,-115.38178,35.550655,2012-05-18 17:08:56,2012-05-20 20:24:04
838,NEON_KONZ,-96.56309,39.100770000000004,2015-06-02 19:10:10,2019-04-28 15:24:37
839,NEON_LENO,-88.16121899999999,31.853881,2016-05-06 12:04:09,2018-05-24 20:35:23
840,NEON_MLBS,-80.524836,37.378306,2016-05-22 17:35:00,2019-07-08 19:12:35
841,NEON_MOAB,-109.388269,38.248331,2015-06-02 16:16:25,2019-03-25 23:41:43
842,NEON_NIWO,-105.582369,40.05425,2017-11-30 15:00:21,2018-11-20 20:19:02
843,NEON_NOGP,-100.91535,46.769719,2017-07-10 21:58:30,2019-08-20 15:27:24
844,NEON_OAES,-99.05879,35.41059,2015-02-03 19:08:26,2019-12-18 15:02:05
845,NEON_ONAQ,-112.45243899999998,40.177589000000005,2015-06-02 15:58:41,2019-06-11 16:00:14
846,NEON_ORNL,-84.282588,35.964128,2015-04-23 18:21:19,2019-06-03 13:51:08
847,NEON_OSBS,-81.993431,29.689269,2014-10-02 16:03:30,2019-11-24 18:00:31
848,NEON_PUUM,-155.317242,19.553144,2019-05-06 16:45:46,2019-06-26 16:48:24
849,NEON_RMNP,-105.54597199999999,40.2759,2015-01-02 18:15:12,2019-09-03 00:19:21
850,NEON_SCBI,-78.1395,38.892919,2014-12-25 16:13:01,2019-11-06 18:06:54
851,NEON_SERC,-76.560017,38.890117,2016-02-26 12:37:11,2019-05-14 15:48:32
852,NEON_SJER,-119.73228,37.108779999999996,2018-09-07 01:26:40,2020-01-13 18:17:22
853,NEON_SRER,-110.835489,31.910681,2017-02-10 14:57:21,2020-02-06 17:38:51
854,NEON_Sterling,-103.029297,40.461903,2013-08-23 13:06:45,2019-05-22 13:02:14
855,NEON_TALL,-87.39326899999999,32.950461,2015-05-13 11:39:09,2019-12-04 14:03:45
856,NEON_TEAK,-119.006019,37.005831,2018-06-16 23:12:11,2019-07-29 17:03:10
857,NEON_TOOL,-149.37046899999999,68.661089,2017-02-12 21:42:54,2019-10-26 20:40:55
858,NEON_UKFS,-95.19215,39.040431,2016-01-27 16:04:23,2019-07-10 12:56:34
859,NEON_UNDE,-89.53725,46.233881,2014-12-28 14:50:20,2019-09-30 17:58:57
860,NEON_WOOD,-99.24135600000001,47.128228,2015-06-04 11:46:23,2019-06-23 18:54:46
861,NEON_WREF,-121.95191200000001,45.820488,2018-01-14 20:02:36,2019-07-23 16:20:09
862,NEON_YELL,-110.53913999999999,44.95348,2018-10-05 16:26:43,2019-10-10 17:20:46
863,NEW_YORK,-74.0,40.77,1996-07-21 12:47:53,1996-07-21 20:17:54
864,NGHIA_DO,105.79964,21.04778,2010-11-19 07:43:07,2019-09-25 01:27:49
865,NSA_YJP_BOREAS,-98.290001,55.903,1994-05-18 15:45:33,1995-11-03 19:32:28
866,NSPO_Taiwan,121.001122,24.783995,2018-12-17 02:46:13,2019-07-12 07:43:53
867,NUIST,118.71715,32.206483,2008-03-07 04:02:17,2010-04-07 03:53:28
868,NW_Chapel_Hill,-79.0934,35.9712,2013-09-26 15:15:35,2013-10-29 20:15:46
869,Naalehu_Elementary,-155.578983,19.060874,2018-06-30 16:55:00,2018-08-13 23:15:57
870,Nainital,79.45827,29.358829999999998,2008-04-30 05:10:10,2011-02-25 04:42:10
871,Nairobi,36.8653,-1.338882,2004-10-22 04:57:22,2010-05-31 11:01:05
872,Namibe,12.178,-15.159,2016-02-18 11:53:15,2018-08-05 12:32:50
873,Napoli_CeSMA,14.306567000000001,40.836842,2016-04-25 15:36:06,2019-10-31 07:17:38
874,Nara,135.828,34.688,2012-06-03 09:06:07,2012-11-27 05:00:25
875,Narsarsuaq,-45.419379,61.155952,2013-10-11 11:50:29,2019-08-03 21:58:59
876,Natal,-35.1995,-5.8415,2016-01-29 15:34:55,2016-07-04 19:37:18
877,Nauru,166.9159,-0.5206,1999-06-16 19:30:23,2013-09-15 06:15:46
878,Ndola,28.658333000000002,-12.995,2000-08-05 12:41:51,2000-09-21 05:51:01
879,Nes_Ziona,34.789167,31.9225,2000-02-24 07:40:34,2015-11-14 10:41:04
880,New_Delhi,77.1751,28.630467,2004-12-02 09:42:19,2009-12-29 03:15:54
881,New_Delhi_IMD,77.2216,28.5885,2018-01-16 08:20:37,2018-05-31 09:49:24
882,New_Hampshire_Univ,-70.92,43.1325,2003-10-20 14:14:29,2004-01-13 16:38:03
883,NhaTrang,109.205556,12.204722,2011-11-17 02:29:04,2019-05-08 06:10:32
884,Niabrara,-100.02,42.764833,1999-06-16 16:56:41,1999-07-08 19:48:50
885,Niamey,2.172222,13.481389000000002,2006-08-05 08:43:40,2007-01-07 15:59:40
886,Nicelli_Airport,12.382417,45.426444000000004,2004-08-25 07:04:46,2004-09-07 09:09:25
887,Nicosia,33.381353000000004,35.140628,2015-03-02 12:59:42,2020-01-30 11:18:27
888,Niigata,138.942,37.846,2016-03-22 07:00:41,2019-01-09 00:12:51
889,Nong_Khai,102.71670999999999,17.8772,2015-01-21 01:07:31,2019-11-12 04:42:56
890,Norfolk_State_Univ,-76.259,36.848,2002-04-04 13:56:36,2002-11-22 17:51:50
891,North_Pole,24.25433,88.80333,2002-04-18 08:17:30,2002-06-09 09:19:12
892,Noto,137.136944,37.334444,2001-04-06 00:09:43,2019-11-23 04:46:48
893,Nouragues,-52.68005600000001,4.087639,2016-09-20 14:55:07,2016-09-23 11:24:25
894,Ny_Alesund,11.86085,78.92943299999999,2006-03-22 08:33:55,2006-04-01 15:49:00
895,Ny_Alesund_AWI,11.92304,78.92316600000001,2017-06-01 14:40:44,2019-06-03 01:24:32
896,OBERNAI,7.5425,48.442778000000004,2007-05-29 12:15:44,2007-08-02 09:51:46
897,OBS-SSA,-105.12,53.985,1996-07-29 17:07:29,1996-07-30 13:04:44
898,OHP_OBSERVATOIRE,5.71,43.935,2005-06-10 04:52:55,2020-04-12 13:38:22
899,OK_St_Univ,-97.91734,35.04564,2007-04-24 23:30:09,2007-09-15 15:58:14
900,OPAL,-85.939167,79.990278,2007-04-02 15:35:21,2019-09-25 18:15:31
901,ORS_Hermosillo,-111.145556,29.0275,2013-05-07 23:12:07,2018-08-18 01:11:46
902,ORS_UNAM_ISNP,-99.203683,19.399467,2016-01-26 20:25:43,2016-08-15 14:18:42
903,OkefenokeeNWR,-82.12861099999999,30.741111,1996-01-22 15:10:42,1996-04-02 19:03:48
904,Okinawa,127.76833300000001,26.356666999999998,2001-02-27 05:13:10,2001-06-02 23:30:28
905,Omkoi,98.431667,17.798333,2003-02-16 09:45:19,2018-03-14 10:51:44
906,Oostende,2.925,51.225,2001-06-14 09:56:03,2015-06-17 13:57:08
907,Ordway-Swisher,-81.988106,29.69797,2010-08-31 16:59:40,2010-09-04 17:28:24
908,Orizaba,-97.324167,19.106111,2001-02-19 23:42:01,2001-03-01 16:57:39
909,Orlean_Bricy,1.761111,47.986667,2013-09-23 11:46:35,2013-09-23 15:14:09
910,Osaka-North,135.51,34.774,2012-06-03 08:45:09,2012-11-01 02:27:23
911,Osaka,135.590633,34.650933,2000-09-20 06:41:25,2019-02-18 07:52:41
912,Osaka31,135.5881,34.651790000000005,2016-12-27 23:59:16,2017-03-16 07:45:33
913,Ouagadougou,-1.4872299999999998,12.42413,1994-11-03 06:38:41,2007-09-08 16:19:28
914,Ouarzazate,-6.912866999999999,30.928366999999998,2012-02-10 11:13:13,2015-06-28 12:16:59
915,Oujda,-1.8984599999999998,34.65331,2010-10-27 10:37:25,2016-05-03 17:21:14
916,Oukaimeden,-7.864486,31.208793,2009-02-21 08:00:51,2009-09-16 09:57:33
917,Owens_Lake,-117.87069699999999,36.487778000000006,1994-11-29 15:39:11,1995-08-28 16:43:51
918,Oxford,-1.256,51.759,2016-07-19 15:01:01,2019-08-06 18:23:04
919,Oyster,-75.933192,37.295044,1998-03-11 18:07:16,2002-05-29 23:24:03
920,PEARL,-86.416944,80.053611,2007-03-21 17:55:10,2019-09-06 12:43:00
921,PKU_PEK,116.184,39.593,2006-08-11 07:36:22,2008-08-29 08:11:25
922,PNNL,-119.2788,46.34095,2017-06-21 13:06:18,2019-08-05 14:27:12
923,POLWET_Rzecin,16.309589000000003,52.762018999999995,2016-05-10 09:37:03,2019-03-20 12:13:14
924,PRINCE_ALBERT,-105.699997,53.200001,1994-05-26 18:00:51,1994-06-06 14:24:03
925,Paardefontein,28.374719,-25.495986,2014-07-07 14:41:13,2014-07-22 07:22:00
926,Paddockwood,-105.56181699999999,53.507889,1996-02-27 18:01:19,1996-10-27 16:45:58
927,Pafos,32.48333,34.71111,2017-04-04 04:16:59,2017-04-28 06:33:24
928,Pagosa_Springs,-107.05025800000001,37.270278000000005,2015-07-04 20:43:03,2015-08-06 01:26:15
929,Palaiseau,2.215,48.7116,1999-07-22 11:28:11,2019-03-21 13:50:13
930,Palangkaraya,113.94623999999999,-2.22799,2012-07-21 01:00:57,2019-10-30 07:05:37
931,Palencia,-4.515694,41.988572,2003-01-23 14:45:40,2019-01-30 12:47:18
932,Palgrunden,13.1515,58.75533299999999,2008-07-04 13:20:07,2019-10-12 14:02:22
933,Palma_de_Mallorca,2.6251,39.5533,2011-08-03 13:41:27,2019-01-28 12:09:15
934,Panama_BCI,-79.85,9.166667,2004-01-23 13:24:19,2004-03-31 17:39:24
935,Pantanal,-56.621832999999995,-16.3955,1995-08-29 16:03:43,1995-09-01 15:02:47
936,Pantnagar,79.520889,29.046339,2008-04-29 11:27:27,2009-10-31 03:34:44
937,Paposo,-70.45011099999999,-25.007167000000003,2008-11-01 16:42:42,2008-11-15 10:33:51
938,Paracou,-52.925833,5.2669440000000005,2015-09-26 12:39:15,2016-09-20 19:25:59
939,Paris,2.3555080000000004,48.846796999999995,2000-07-18 09:46:09,2019-04-17 12:24:57
940,Park_Brasilia,-47.916668,-15.743332999999998,1994-08-09 17:03:00,1994-08-09 17:48:00
941,Penn_State_Univ,-78.0809,40.7421,2001-07-01 11:04:59,2003-12-08 20:24:13
942,Perth,115.893611,-32.008055999999996,2005-01-21 05:43:27,2005-12-09 00:24:29
943,Peterhof,29.826,59.881,2014-05-03 04:29:24,2016-11-06 12:08:23
944,Petrolina_SONDA,-40.320108000000005,-9.0691,2004-07-05 17:46:27,2016-11-08 13:26:04
945,Philadelphia,-75.004667,40.035667,2001-06-29 19:11:20,2001-09-28 13:59:39
946,Pic_du_midi,0.1413,42.937217,2000-09-26 09:58:47,2004-10-20 14:00:02
947,Pickle_Lake,-90.2175,51.449444,2004-11-13 15:55:10,2019-07-11 11:21:13
948,Pietersburg,29.45,-23.883333,2000-08-16 06:42:15,2000-09-20 05:02:06
949,Pilar_Cordoba,-63.882597,-31.667410999999998,2017-04-20 15:30:33,2018-12-26 21:03:09
950,Pimai,102.564167,15.181944,2003-02-17 07:31:41,2008-04-11 08:41:25
951,Pinehurst_Idaho,-116.23691699999999,47.536739000000004,2018-08-29 19:14:19,2020-02-04 16:46:55
952,Pioneer_JC,103.75452800000001,1.384333,2017-06-07 03:40:24,2018-04-19 03:34:14
953,Pitres,-3.326081,36.935778000000006,2002-07-12 11:37:17,2002-07-19 17:05:16
954,Pokhara,83.97518000000001,28.186643,2010-01-10 03:15:58,2018-05-11 12:11:13
955,Pontianak,109.19086000000001,0.07537999999999999,2012-07-24 04:51:20,2019-03-11 09:45:40
956,Poprad-Ganovce,20.322,49.035,2014-12-12 08:18:05,2019-11-17 10:48:08
957,Porquerolles,6.161389,43.001389,2010-12-08 10:57:53,2014-11-13 15:19:45
958,Portglenone_MO,-6.457,54.865,2016-07-17 07:10:41,2019-10-28 14:45:13
959,Porto_Nacional,-48.41,-10.7,1993-07-24 16:20:46,1995-11-09 10:22:14
960,Porto_Velho,-63.95,-8.77,2002-10-01 13:21:38,2002-11-16 14:08:34
961,Porto_Velho_UNIR,-63.939983,-8.837083,2012-09-11 20:38:20,2012-12-24 18:46:11
962,Possession_Island,15.194254999999998,-27.010428000000005,2016-08-21 13:48:36,2017-04-25 06:07:06
963,Potchefstroom,27.091,-26.69,2016-01-27 13:41:14,2018-05-22 13:56:07
964,Potosi_Mine,-62.863328,-9.23092,1995-09-02 20:42:36,1995-09-11 12:24:26
965,Praia,-23.484,14.947,2008-01-22 18:32:29,2015-08-20 19:17:25
966,Pretoria_CSIR-DPSS,28.279721999999996,-25.756611,2011-07-29 13:13:56,2018-05-01 12:19:55
967,Progress,76.38861,-69.37778,2014-02-08 05:52:11,2014-03-30 07:27:21
968,Prospect_Hill,-64.76509200000001,32.299314,2005-02-09 20:05:13,2006-04-23 11:19:42
969,Puerto_Madryn,-65.01,-42.79,2000-06-28 14:08:51,2003-07-28 18:57:56
970,Puli,120.96688999999999,23.96856,2013-09-02 22:50:31,2013-09-09 01:54:55
971,Pullman,-117.191666,46.75,1994-09-26 20:41:21,1999-04-14 00:32:52
972,Pune,73.805491,18.537255,2004-10-26 01:45:03,2019-06-10 08:50:00
973,Pusan_NU,129.082493,35.235354,2012-06-11 08:25:36,2017-02-13 03:48:22
974,Puspiptek,106.664383,-6.3556,2007-05-15 07:35:42,2007-10-04 05:03:02
975,QOMS_CAS,86.94805600000001,28.365,2009-10-18 07:43:21,2017-11-16 02:37:34
976,Qena_SVU,32.747029,26.199924,2018-12-21 08:04:27,2019-10-24 14:33:23
977,Quarzazate,-6.909,30.939,2006-05-11 07:01:34,2006-06-10 18:44:38
978,Quito_USFQ,-78.43558900000001,-0.196244,2017-10-19 14:26:16,2019-10-28 19:13:17
979,REUNION_ST_DENIS,55.48474,-20.90139,2003-12-17 05:09:08,2019-11-21 08:58:18
980,Raciborz,18.1917,50.0831,2015-02-27 08:11:52,2019-02-11 12:47:21
981,Ragged_Point,-59.432035,13.165018,2007-08-29 12:19:49,2019-06-12 21:16:56
982,Railroad_NSPO,-115.692,38.5046,2018-09-01 16:16:51,2019-08-25 18:43:01
983,Railroad_Valley,-115.691,38.497,2001-06-26 17:31:05,2019-06-09 14:05:29
984,Rame_Head,-4.219809,50.317132,1997-04-07 11:06:02,2019-12-08 14:39:12
985,Ras_El_Ain,-7.599444,31.670278000000003,2006-03-04 17:44:07,2007-07-31 13:25:25
986,Realtor,5.383817,43.48555,2001-06-06 17:27:46,2001-07-17 07:11:54
987,Red_Bluff,-122.25,40.150002,1994-09-23 14:48:13,1994-10-18 00:36:46
988,Red_Mountain_Pass,-107.710917,37.907449,2005-10-05 19:45:33,2020-03-07 16:35:54
989,Red_River_Delta,106.1277,20.72853,2010-03-10 06:37:08,2010-06-12 09:16:51
990,Resolute_Bay,-94.969409,74.705123,2004-07-04 13:41:02,2019-09-25 21:39:56
991,Rexburg_Idaho,-111.78301,43.82011,2017-06-02 21:25:48,2019-11-26 22:06:09
992,Reykjavik,-21.9037,64.1278,2018-07-16 08:51:06,2019-09-30 17:40:15
993,Rhyl_MO,-3.5085900000000003,53.25929,2016-05-24 13:56:54,2019-06-22 17:35:34
994,Richland,-119.28,46.34,2006-04-25 22:10:55,2019-06-07 01:07:33
995,Rimrock,-116.99166699999999,46.4875,1999-04-14 21:49:15,2019-05-08 19:12:14
996,Rio_Branco,-67.86935,-9.957467,2000-07-02 11:29:42,2017-10-30 21:48:46
997,Rio_Piedras,-66.05148299999999,18.40185,2004-02-22 12:48:35,2004-06-17 17:53:20
998,Rio_de_Janeiro_UFRJ,-43.233806,-22.857306,2010-11-10 12:07:47,2011-10-14 16:09:58
999,Rochester,-77.5864,44.2337,2001-08-22 11:14:58,2001-10-16 13:13:25
1000,Rogers_Dry_Lake,-117.885,34.92555,1998-05-10 14:49:19,2005-02-13 20:14:17
1001,Rome_ESA_ESRIN,12.671833,41.826667,2016-01-03 08:02:42,2017-02-22 07:49:37
1002,Rome_La_Sapienza,12.515773,41.901695000000004,2017-04-03 06:41:25,2019-02-07 13:35:59
1003,Rome_Tor_Vergata,12.647333,41.83955,2001-02-15 15:02:36,2017-04-24 07:04:53
1004,Roosevelt_Roads,-65.599456,18.212335999999997,2000-06-28 19:11:17,2000-07-20 22:14:48
1005,Rossfeld,7.62475,48.335139,2003-05-15 12:26:42,2003-06-17 10:30:58
1006,Rottnest_Island,115.501667,-32.000103,2001-02-27 01:15:24,2003-05-28 01:13:40
1007,SACOL,104.13708299999999,35.946,2006-07-28 01:15:07,2013-05-06 23:50:19
1008,SAGRES,-8.873517,37.047706,2010-01-29 10:49:38,2012-11-14 08:08:29
1009,SANTA_CRUZ,-63.177717,-17.802132999999998,1997-09-02 20:11:57,2006-03-28 21:28:01
1010,SANTA_CRUZ_UTEPSA,-63.200961,-17.767325,2006-09-18 20:10:49,2019-06-06 19:52:09
1011,SDSU_IPLab,-96.786075,44.314828000000006,2017-06-22 23:50:23,2018-11-15 19:39:27
1012,SDU1,-67.601385,-20.072877,2017-06-12 14:21:43,2017-06-18 19:53:55
1013,SDU2,-67.586208,-19.982874,2017-06-12 17:04:10,2017-06-18 18:39:12
1014,SDU2018,-67.8695,-20.0318,2018-09-06 13:40:06,2018-09-12 20:01:22
1015,SDU3,-67.510582,-20.10209,2017-06-12 17:58:10,2017-06-18 18:02:53
1016,SDU4,-67.679061,-20.122675,2017-06-12 15:55:10,2017-06-18 17:24:58
1017,SDU5,-66.982737,-20.279479000000002,2017-06-14 11:44:34,2017-06-18 21:13:48
1018,SDU6,-67.57285999999999,-20.153516,2017-06-12 19:38:49,2017-06-17 14:01:47
1019,SEARCH-Centreville,-87.24968,32.90289,2013-04-30 15:54:56,2016-05-19 14:31:27
1020,SEARCH-Centreville2,-87.24968,32.90289,2013-06-18 18:57:58,2013-11-06 21:08:49
1021,SEARCH-OLF,-87.37531,30.549970000000002,2013-05-04 16:46:03,2016-10-14 14:51:17
1022,SEARCH-Yorkville,-85.04555,33.928329999999995,2013-05-13 19:20:59,2016-11-07 19:54:50
1023,SEDE_BOKER,34.782222,30.855,1995-08-11 04:18:15,2019-04-05 14:47:59
1024,SEGC_Lope_Gabon,11.60082,-0.20155,2014-04-29 16:32:44,2018-02-08 07:00:15
1025,SERC,-76.55579499999999,38.888901000000004,1994-11-22 20:57:18,2018-09-30 15:57:26
1026,SKUKUZA_AEROPORT,31.593,-24.969,2000-09-14 05:37:26,2000-10-02 12:43:48
1027,SMART,55.612064000000004,24.249321,2004-08-09 13:24:25,2004-10-02 05:09:00
1028,SMART_POL,55.612064000000004,24.249321,2004-08-09 12:11:18,2004-10-09 05:20:48
1029,SMEX,-93.664,41.936,2002-06-20 17:46:50,2004-05-20 22:08:50
1030,SMHI,16.15,58.58,2001-02-24 07:25:59,2006-11-07 13:09:55
1031,SP-EACH,-46.49967,-23.48163,2016-08-16 19:15:56,2019-02-11 15:06:27
1032,SP_Bayboro,-82.633,27.76155,2013-07-31 20:22:32,2019-09-08 19:59:31
1033,SSA_YJP_BOREAS,-104.650002,53.674999,1995-05-25 01:10:22,1996-10-21 22:37:02
1034,SS_OJP_BOREAS,-104.69,53.916,1996-07-12 11:57:52,1996-07-23 15:06:37
1035,Saada,-8.15583,31.62583,2004-07-01 17:23:00,2019-04-11 14:49:32
1036,Sable_Island,-60.01,43.933,2010-05-01 17:13:01,2014-09-29 12:19:04
1037,Saih_Salam,55.312782999999996,24.829467,2004-06-26 09:31:43,2004-10-16 06:06:15
1038,Saint_Mandrier,5.944167,43.066944,2008-05-21 13:40:56,2008-06-11 08:21:47
1039,Sakeji_School,24.312,-11.232956,2017-08-26 07:07:27,2018-12-05 12:33:56
1040,Salon_de_Provence,5.120278,43.605556,2009-12-08 10:32:08,2010-06-14 11:55:57
1041,San_Cristobal_USFQ,-89.60879,-0.8954,2017-07-21 19:17:05,2019-02-11 13:49:37
1042,San_Giuliano,9.519167,42.285556,2012-06-24 09:26:10,2018-10-09 15:11:54
1043,San_Nicolas,-119.486972,33.256889,1997-06-06 21:42:25,2006-04-18 01:42:39
1044,San_Nicolas_Vandal,-119.53671100000001,33.262214,2011-07-30 20:50:11,2012-06-26 01:27:04
1045,San_Pietro_Capo,11.619999,44.650001,2017-07-02 09:53:43,2017-09-11 16:40:50
1046,Sandia_NM_PSEL,-106.54006899999999,35.054583,2012-03-28 15:04:45,2018-04-18 21:06:22
1047,Santa_Cruz_Tenerife,-16.247360999999998,28.472528000000004,2004-07-22 14:12:07,2018-10-16 17:51:39
1048,Santa_Monica_Colg,-118.47113,34.01685,2013-06-19 14:08:14,2019-02-26 00:54:43
1049,Santarem,-54.706,-2.428584,1993-07-31 13:01:14,1995-11-20 10:11:47
1050,Santiago,-70.717033,-33.489633000000005,2001-08-21 12:13:39,2002-10-21 11:23:13
1051,Santiago_Beauchef,-70.661666,-33.457221999999994,2014-09-04 15:28:11,2018-01-01 18:16:56
1052,Sao_Martinho_SONDA,-53.823443999999995,-29.443333000000003,2008-07-26 18:18:53,2014-11-07 20:59:43
1053,Sao_Paulo,-46.734983,-23.5615,2000-11-08 19:47:16,2019-05-31 10:48:40
1054,Sao_Tome,6.71099,0.37469,2017-08-09 10:24:19,2018-10-20 10:12:47
1055,Saturn_Island,-123.12817700000001,48.775252,1998-01-02 18:02:08,2019-06-25 13:57:11
1056,Section-7_Platform,29.4466,44.5458,2019-08-27 04:17:14,2019-12-18 13:18:27
1057,Senanga,23.293332999999997,-16.108889,1996-06-07 14:59:14,2000-10-10 08:44:44
1058,Seoul_SNU,126.95111100000001,37.458056,2000-11-02 00:04:05,2019-12-15 02:57:52
1059,Sesheke,24.303889,-17.480829999999997,1997-06-07 08:37:24,1997-10-09 09:11:08
1060,Sevastopol,33.517333,44.615833,2006-05-14 03:16:17,2014-01-19 13:03:32
1061,Sevilleta,-106.885002,34.354721000000005,1994-04-11 13:27:38,2019-04-03 21:17:47
1062,Seysses,1.259722,43.503333000000005,2009-12-17 14:21:44,2014-01-06 14:16:32
1063,Shagaya_Park,47.060528000000005,29.209071999999995,2015-08-23 04:33:35,2016-07-27 04:01:34
1064,Shelton,-98.760286,40.750064,1999-06-16 13:38:43,2000-03-07 23:19:42
1065,Shirahama,135.35691699999998,33.69345,2000-10-19 03:51:08,2019-12-12 23:55:55
1066,Shouxian,116.78195,32.558383,2008-05-10 09:53:59,2008-12-25 08:20:45
1067,Sigma_Space_Corp,-76.836472,38.953,2014-05-20 18:34:44,2019-06-15 17:50:55
1068,Silpakorn_Univ,100.04118299999999,13.819308,2007-10-30 02:49:28,2020-02-12 07:25:05
1069,Simonstown_IMT,18.44567,-34.19272,2015-05-30 13:52:01,2018-03-25 11:23:20
1070,Singapore,103.780383,1.297667,2006-11-14 01:35:10,2019-12-02 03:09:58
1071,Sinhgad,73.75,18.366667,2006-12-27 02:18:02,2007-02-05 05:05:05
1072,Sioux_Falls,-96.625991,43.736481,1997-07-18 17:24:16,2017-10-24 14:05:39
1073,Sioux_Falls_X,-96.62598299999999,43.736283,2000-05-19 22:52:13,2000-06-14 15:58:53
1074,Sir_Bu_Nuair,54.231269,25.217825,2004-08-04 09:00:25,2004-10-04 05:14:36
1075,Sirmione_Museo_GC,10.605833,45.500278,2014-10-17 14:24:23,2019-10-16 14:55:23
1076,Skukuza,31.5875,-24.9917,1998-07-19 13:51:35,2020-01-29 14:09:28
1077,Smith_Island_CBF,-76.02385,37.969183,2006-06-19 19:06:02,2006-08-12 12:41:03
1078,Socheongcho,124.73803899999999,37.423133,2015-10-12 05:13:34,2018-12-15 00:37:40
1079,Sodankyla,26.62957,67.36662,2007-02-10 09:58:50,2019-04-28 03:35:30
1080,Solar_Village,46.397286,24.906933,1999-02-22 04:06:09,2013-05-19 07:50:11
1081,Solwezi,26.363333,-12.170667,2000-08-06 14:35:17,2000-09-22 14:54:51
1082,Son_La,103.905151,21.3322,2012-03-15 06:14:24,2019-08-22 09:47:11
1083,Songkhla_Met_Sta,100.60458299999999,7.184386999999999,2008-03-08 04:31:46,2019-10-03 06:48:59
1084,Sopot,18.564722,54.450832999999996,1999-08-03 09:23:17,2002-10-05 06:56:20
1085,Sorong,131.2677,-0.8746,2015-08-06 22:44:07,2019-02-16 07:28:59
1086,South_Greenbay,-87.9512,44.59633,2018-06-04 16:53:23,2019-10-03 22:36:52
1087,South_Pole_Obs_NOAA,70.3,-90.0,2007-11-18 04:41:27,2019-01-26 19:07:40
1088,Spoon_Butte,-104.44255,42.5962,2017-08-20 01:04:06,2017-08-22 01:01:49
1089,St_Helena,-5.6673,-15.9424,2016-05-31 12:21:09,2019-03-30 10:42:54
1090,St_John_Island,-64.73,18.32,1998-07-29 16:11:00,1998-08-08 15:40:25
1091,St_Louis_University,-90.23155200000001,38.636342,2013-06-13 19:31:44,2019-06-26 19:30:55
1092,SteamboatSpring,-106.80711699999999,40.404866999999996,2001-02-16 15:12:00,2001-03-09 00:17:17
1093,Steamboat_Springs,-106.81698999999999,40.46376,2010-09-29 23:15:30,2011-04-28 17:50:40
1094,Sterling,-77.46667,38.98333,1996-05-22 21:49:49,2002-11-03 20:36:24
1095,Stornoway_MO,-6.1821470000000005,58.21156,2016-06-25 09:40:58,2019-11-30 12:44:19
1096,Strzyzow,21.8613,49.8786,2013-08-29 14:46:57,2020-02-19 07:47:45
1097,Sua_Pan,26.066667000000002,-20.533333,2000-08-20 15:14:45,2000-09-05 06:04:30
1098,Suertes,-3.6057949999999996,40.371644,2018-09-23 06:50:24,2018-10-07 16:59:47
1099,Suffield,-111.130771,50.28155,2007-06-28 19:28:18,2008-08-30 15:54:21
1100,Surinam,-55.2,5.8,1998-03-07 10:42:04,2001-05-24 10:53:00
1101,Swakopmund,14.564032999999998,-22.65785,2000-09-08 14:59:17,2000-09-24 10:10:12
1102,T0_MAX_MEX,-99.1485,19.489944,2006-03-02 13:36:01,2006-04-17 19:22:11
1103,T1_MAX_MEX,-98.98195,19.703067,2006-03-06 20:03:35,2006-04-01 15:16:56
1104,TABLE_MOUNTAIN_CA,-117.68,34.38,1998-08-04 13:49:47,2018-03-09 19:18:28
1105,THALA,8.683333,35.55,2001-04-11 05:44:53,2001-11-09 10:11:28
1106,TOULOUSE,1.476389,43.561944,1999-09-09 13:07:59,2009-07-26 18:05:06
1107,TUBITAK_UZAY_Ankara,32.778,39.891,2009-12-02 07:54:09,2017-07-27 10:56:03
1108,TWRS,-114.84991000000001,45.103582,2019-03-20 20:57:03,2019-03-20 20:57:03
1109,Tabernas_PSA-DLR,-2.35818,37.090759999999996,2011-02-19 08:39:28,2019-09-09 11:38:10
1110,Table_Mountain,-105.237,40.125,1998-08-05 14:09:14,2019-11-28 22:43:52
1111,Tahir,100.1967,5.411,2012-07-10 02:40:04,2013-01-22 06:46:32
1112,Tahiti,-149.6063,-17.5769,1999-07-24 19:05:51,2009-10-26 00:49:43
1113,Tahoe_City,-120.135,39.1733,1999-05-07 01:44:08,1999-10-22 15:09:32
1114,Tai_Ping,114.362,10.3755,2012-06-17 03:09:22,2019-02-23 07:58:29
1115,Taichung,120.49133,24.106167000000003,2005-10-04 00:09:43,2005-11-07 02:49:49
1116,Taihu,120.215333,31.421,2005-09-01 00:29:03,2016-08-23 08:09:25
1117,Taipei_CWB,121.53837,25.014682999999998,2000-03-30 01:15:23,2019-04-09 05:56:34
1118,TallTimbers,-84.23889,30.664167,1996-01-27 16:05:23,1996-04-03 21:32:58
1119,Tallahassee,-84.29935,30.445833,2013-07-29 21:00:55,2019-07-20 12:33:29
1120,Tamanrasset_INM,5.53,22.79,2006-09-30 06:08:53,2018-06-19 11:54:59
1121,Tamanrasset_TMP,5.53,22.79,2006-02-19 06:49:28,2006-11-23 08:31:48
1122,Tamihua,-97.44245,21.260717,2006-03-06 15:57:22,2006-03-27 23:09:56
1123,Tampico_MAX_MEX,-97.86416700000001,22.278283,2006-03-01 19:15:03,2006-03-30 14:06:42
1124,Tarbes,0.083333,43.25,2001-09-20 09:09:36,2003-04-17 09:59:46
1125,Tarbes_Etal,0.049283,43.224033,2002-02-04 13:59:41,2003-05-19 10:04:08
1126,Taylor_Ranch_TWRS,-114.84995,45.1035,2015-04-21 00:33:15,2019-05-31 19:52:50
1127,Technion_Haifa_IL,35.0249,32.77587,2016-07-27 13:42:36,2019-05-12 12:07:09
1128,Teide,-16.639,28.27,2012-07-16 12:43:07,2018-10-29 11:23:59
1129,Teles_Peres,-56.02,-9.667945,1994-08-19 13:33:48,1994-08-20 14:18:36
1130,Temuco-UFRO_CEFOP,-72.615525,-38.745803,2017-01-11 15:02:20,2019-08-21 21:29:24
1131,Tenerife,-16.633333,28.033333000000002,1997-06-28 06:56:43,1997-07-24 07:54:19
1132,Tenosique,-91.425556,17.4875,2005-01-24 21:58:27,2005-10-02 20:57:08
1133,The_Hague,4.32682,52.110479999999995,2001-12-20 09:55:42,2006-04-24 12:56:17
1134,The_Mall,-77.030917,38.889522,2008-06-25 17:34:08,2008-06-27 14:57:02
1135,Thessaloniki,22.96,40.63,2003-06-01 04:06:46,2019-03-11 15:41:43
1136,Thompson,-97.849998,55.799999,1994-06-08 15:45:04,2007-08-25 21:41:44
1137,Thompson_Farm,-70.94834399999999,43.108771999999995,2006-09-26 15:36:27,2018-07-18 16:05:33
1138,Thornton_C-power,2.955278,51.5325,2015-04-09 07:19:57,2018-11-08 14:58:47
1139,Thule,-68.769001,76.516102,2007-03-15 18:00:15,2019-03-18 19:45:47
1140,Tiksi,128.921417,71.586917,2010-06-08 19:59:47,2015-09-07 03:23:44
1141,Timisoara,21.22736,45.74626,2011-03-08 10:47:17,2019-01-27 12:03:44
1142,Tinga_Tingana,139.990933,-28.975833,1998-04-01 21:32:33,2012-02-26 08:33:38
1143,Tizi_Ouzou,4.055833,36.698611,2012-04-11 06:18:13,2017-04-30 11:56:54
1144,Tombstone,-110.05,31.742,2004-06-18 20:07:05,2004-11-16 20:36:01
1145,Tomsk,85.04805999999999,56.475351,2002-10-24 03:19:58,2019-11-16 08:20:29
1146,Tomsk_22,84.074,56.417,2011-04-30 23:51:33,2018-09-27 03:23:36
1147,Tonopah_Airport,-117.09052,38.05044,2005-07-18 17:00:35,2005-11-21 22:56:44
1148,Toravere,26.466822999999998,58.264894999999996,2002-06-03 11:28:05,2019-07-04 08:33:58
1149,Toronto,-79.47,43.79,1997-07-11 23:45:16,2019-11-26 15:42:52
1150,Toulon,6.009444,43.135556,2003-06-25 09:54:22,2019-04-17 13:06:22
1151,Toulouse,1.373889,43.574721999999994,1999-07-12 09:42:10,2012-09-07 06:41:40
1152,Toulouse_MF,1.37432,43.57261,2013-12-15 09:35:14,2019-04-05 06:21:43
1153,Toyama,137.187,36.699,2015-05-01 07:17:17,2015-07-29 02:58:06
1154,Trelew,-65.308611,-43.249806,2005-11-11 10:05:34,2017-10-15 13:22:32
1155,Tremiti,15.490115,42.117965000000005,2007-08-05 10:04:53,2008-03-17 16:14:49
1156,Trinidad_Head,-124.15101999999999,41.05392,2005-02-17 18:31:47,2017-06-04 22:45:43
1157,Trivandrum,76.866667,8.533333,2007-02-22 02:06:45,2007-03-02 04:51:03
1158,Tromelin,54.517332999999994,-15.889167,1996-07-10 06:27:46,1996-10-24 13:43:01
1159,Tsumkwe,20.4425,-19.616667,2016-02-11 12:38:23,2017-11-15 10:05:20
1160,Tucson,-110.95300300000001,32.233002,1993-11-19 23:15:58,2019-10-22 20:00:03
1161,Tucuman,-65.20669699999999,-26.787153000000004,2017-11-15 11:13:04,2018-12-12 11:08:53
1162,Tudor_Hill,-64.879,32.264,2007-12-20 12:10:13,2019-11-04 16:04:28
1163,Tukurui,-49.683331,-3.7166660000000005,1993-08-28 20:42:39,1995-10-11 18:38:15
1164,Tunis_Carthage,10.199781,36.838719,2013-06-11 17:40:29,2017-03-31 08:27:42
1165,Tuxtla_Gutierrez,-93.152222,16.754722,2005-01-26 14:01:42,2010-02-06 20:46:50
1166,Tuz_Golu,33.336110999999995,38.749444,2009-08-25 12:49:54,2010-08-25 05:48:54
1167,Tuz_Golu_2,33.449,38.837,2011-08-19 08:51:46,2011-09-21 14:42:09
1168,Tuz_Golu_3,33.464678,38.792469,2017-07-28 10:23:17,2018-09-13 11:28:28
1169,UACJ_UNAM_ORS,-106.43166699999999,31.743333000000003,2016-01-28 22:24:44,2017-07-11 20:23:19
1170,UAHuntsville,-86.64473000000001,34.72533,2008-04-17 12:38:35,2019-11-02 21:52:34
1171,UCLA,-118.442752,34.069604999999996,2000-02-17 19:54:14,2007-06-06 20:53:13
1172,UCSB,-119.84536000000001,34.415428000000006,2002-12-08 20:52:11,2018-12-03 17:19:19
1173,UH_Coastal_Center,-95.0425,29.3883,2012-11-08 14:23:08,2017-04-14 20:36:20
1174,UMBC,-76.70935300000001,39.254628000000004,2009-07-18 16:13:34,2019-06-22 15:24:25
1175,UNC-Bogota,-74.0808,4.636933,2012-02-02 22:00:54,2015-12-11 14:35:14
1176,UNC-Gaitan,-72.3518,4.3106800000000005,2015-03-22 20:12:55,2016-07-21 21:39:19
1177,UNC-Palmira,-76.30761,3.5122949999999995,2017-03-26 20:40:45,2019-04-09 16:06:32
1178,UPC-GEAB-Valledupar,-73.3293,9.5596,2016-08-01 17:45:04,2019-04-17 21:23:34
1179,UPRM_Lidar_Lab,-67.140125,18.210131,2012-04-11 17:30:16,2017-02-18 16:28:55
1180,USC_SEAPRISM,-118.11782,33.56371,2011-02-10 22:07:50,2018-01-26 00:28:21
1181,USC_SEAPRISM_2,-118.11782,33.56371,2015-08-18 23:29:31,2019-09-23 20:16:10
1182,USDA-BARC,-76.93218,39.03127,2004-12-17 20:46:58,2008-04-29 18:05:57
1183,USDA-Howard,-76.8775,39.0542,2006-07-23 22:46:38,2007-04-10 15:26:13
1184,USDA,-76.879997,39.029999,1998-08-18 13:04:09,1999-11-09 17:22:13
1185,USGS_Flagstaff_ROLO,-111.63441999999999,35.21484,2014-10-16 22:50:23,2019-10-08 22:57:00
1186,USM_Penang,100.30230999999999,5.35838,2011-11-09 02:18:34,2019-10-22 02:37:05
1187,U_of_Wisconsin_SSEC,-89.411354,43.072492,1995-04-25 23:59:31,2018-04-25 23:59:32
1188,Uberlandia,-48.28333,-18.9,1995-09-13 09:53:38,1995-10-20 12:13:54
1189,Ubon_Ratchathani,104.87101100000001,15.245517999999999,2009-10-02 05:55:24,2016-07-10 03:51:28
1190,UdeConcepcion-CEFOP,-73.02531,-36.84278,2014-10-22 20:40:49,2016-11-04 16:52:03
1191,Ukiah,-118.918884,45.13361,1994-07-25 21:47:57,1994-10-04 16:45:21
1192,Ulaangom,92.078183,49.973034999999996,1998-03-17 08:01:13,1998-07-02 06:11:16
1193,Umm_Al_Quwain,55.658333,25.533333,2004-05-31 02:49:27,2004-10-12 06:05:21
1194,Univ_of_Houston,-95.3416,29.7177,2006-08-20 12:34:58,2019-12-13 21:17:42
1195,Univ_of_Lethbridge,-112.868967,49.681672,2009-07-15 17:45:56,2019-04-08 13:52:39
1196,Univ_of_Nevada-Reno,-119.81403300000001,39.540867,2012-06-01 01:10:34,2019-10-15 19:45:55
1197,Upington,21.156,-28.379,2016-02-05 05:34:29,2017-11-20 12:07:28
1198,Upper_Buffalo,-93.203,35.8258,2013-06-15 15:29:00,2013-10-07 19:04:10
1199,Ussuriysk,132.1635,43.7004,2004-12-06 23:34:52,2019-11-12 06:54:28
1200,Utsteinen,23.333333,-71.95,2009-02-10 14:46:51,2019-01-24 10:24:38
1201,Valladolid,-4.705830000000001,41.6636,2012-07-31 08:55:57,2019-03-12 15:14:38
1202,Valladolid_Sci,-4.7148,41.6562,2008-06-25 11:22:16,2012-05-22 08:18:59
1203,Vechernaya_Hill,46.158,-67.66,2008-12-25 13:58:41,2019-01-26 11:23:47
1204,Venise,12.5083,45.3139,1996-05-07 10:22:25,2019-10-27 15:03:44
1205,Veracruz_MAX_MEX,-96.186667,19.144444,2006-03-03 17:08:05,2006-03-19 17:03:43
1206,Vienna_BOKU,16.331611,48.237860999999995,2017-05-10 05:13:03,2019-10-14 14:35:02
1207,Vienna_UNIVIE,16.355832999999997,48.221667,2016-07-07 14:15:03,2019-03-01 15:26:10
1208,Vientiane,102.569642,17.992279999999997,2010-12-06 09:18:57,2014-05-15 01:52:11
1209,Villefranche,7.328889,43.683889,2004-01-09 14:23:38,2016-10-15 11:23:13
1210,Vinon,5.75865,43.709233000000005,2001-05-04 05:42:19,2001-07-17 11:43:26
1211,Vishkhapatnam,83.326933,17.72395,2008-05-01 04:15:58,2008-07-12 11:12:49
1212,Walker_Branch,-84.2875,35.958333,1997-08-12 16:13:06,2009-04-08 22:26:06
1213,Wallops,-75.47195,37.93285,1993-07-11 22:20:20,2020-03-11 12:33:56
1214,Wallops_ACHIEVE,-75.471,37.933486,2015-04-20 20:00:55,2016-06-01 16:45:45
1215,Walvis_Bay_airport,14.64,-22.98,2016-09-08 12:54:55,2016-09-27 10:19:28
1216,Warsaw_UW,20.98,52.2,2017-12-27 12:22:31,2020-02-18 07:04:59
1217,Waskesiu,-106.069578,53.914386,1994-05-25 19:02:20,2016-08-19 01:09:37
1218,Watnall_MO,-1.250958,53.005652000000005,2016-02-09 08:53:20,2020-03-13 09:26:34
1219,WaveCIS_Site_CSI_6,-90.483333,28.866667,2010-04-28 19:30:16,2020-03-12 17:57:42
1220,Weizmann_Institute,34.810531,31.907234999999996,2015-11-22 07:57:43,2019-06-23 11:14:54
1221,Welgegund,26.939166999999998,-26.569444,2018-05-23 09:18:24,2020-01-22 06:49:56
1222,Weybourne,1.121944,52.95,2017-03-25 11:32:37,2017-07-05 14:16:51
1223,White_Salmon,-121.5125,45.766659999999995,2013-08-14 19:41:48,2013-09-10 00:28:21
1224,White_Sands,-106.350998,32.918999,1995-04-01 22:10:28,2012-05-01 00:59:03
1225,White_Sands_HELSTF,-106.338072,32.634941999999995,2006-11-17 21:51:12,2019-09-13 13:31:17
1226,Windhoek-NUST,17.07304,-22.565910000000002,2015-10-14 06:49:06,2016-08-17 15:58:04
1227,Windpoort,15.482778,-19.365555999999998,2016-02-10 05:28:00,2018-05-02 15:06:43
1228,Windsor_B,-83.083,42.283,2004-10-28 14:19:18,2005-02-05 20:47:18
1229,Windsor_M,-82.87,42.17,2004-10-27 15:24:11,2004-11-09 16:23:50
1230,Wits_University,28.028971999999996,-26.192444000000002,2002-05-09 11:20:07,2012-10-19 15:04:58
1231,Wytham_Woods,-1.3325,51.770278000000005,2008-11-22 11:37:34,2015-11-21 12:51:59
1232,Xanthi,24.91895,41.146767,2008-01-28 09:19:08,2015-01-16 14:10:50
1233,XiangHe,116.9615,39.7536,2004-09-05 08:45:14,2017-05-10 22:27:02
1234,Xinglong,117.578333,40.396389,2006-02-18 08:30:33,2014-11-08 02:24:17
1235,Xitun,120.6169,24.1622,2018-02-27 07:27:01,2020-02-03 06:42:19
1236,Yakutsk,129.366667,61.661667,2004-05-22 05:21:08,2019-11-06 05:24:23
1237,Yale_Coastal,-72.7312,41.2583,2018-08-05 14:42:46,2019-04-02 14:01:33
1238,Yaqui,-109.912,27.280833,2007-12-15 15:06:37,2008-05-27 15:20:15
1239,Yekaterinburg,59.545,57.038332999999994,2004-05-27 09:14:55,2019-10-30 11:01:03
1240,Yellowknife_Aurora,-114.37625,62.4513,2008-03-27 14:34:38,2019-10-13 20:48:57
1241,Yen_Bai,104.86894,21.70495,2013-02-05 06:00:40,2013-04-07 10:38:21
1242,Yeomsan-Myeon,126.30301200000001,35.23666,2010-09-30 00:23:51,2010-10-07 07:02:55
1243,Yevpatoria,33.1422,45.2147,2012-09-03 11:56:21,2012-09-03 15:31:41
1244,Yonsei_University,126.93478999999999,37.56443,2011-03-04 03:00:14,2019-01-29 07:06:01
1245,Yufa_PEK,116.184,39.309,2006-08-12 00:51:15,2006-09-09 05:58:57
1246,Yulin,109.71666699999999,38.283333,2001-04-30 23:06:44,2002-10-31 07:25:34
1247,Yuma,-114.58278,32.644138,2010-05-22 13:54:27,2019-02-26 00:49:51
1248,Yushan,120.959199,23.487419,2013-08-18 22:14:39,2013-10-04 09:03:12
1249,Zambezi,23.107194,-13.533167,1997-06-05 05:28:45,1997-11-19 13:58:49
1250,Zaragoza,-0.88235,41.6334,2014-07-17 10:40:08,2020-02-18 09:09:30
1251,Zeebrugge-MOW1,3.12,51.362,2014-02-24 15:06:28,2017-06-02 10:19:30
1252,Zhangye,100.27555600000001,39.078889000000004,2008-04-11 23:34:21,2008-06-16 11:54:57
1253,Zhongshan,113.38333300000001,22.515832999999997,2009-11-29 06:45:37,2009-12-04 08:10:59
1254,Zhongshan_Univ,113.39,23.06,2011-10-27 05:11:22,2012-07-07 08:28:00
1255,Zinder_Airport,8.990233,13.776682999999998,2009-05-19 08:06:31,2018-10-12 06:49:11
1256,Zinder_DMN,8.9841,13.775417000000001,2008-03-24 07:58:41,2008-10-08 11:27:24
1257,Zvenigorod,36.775,55.695,2006-09-13 06:49:33,2019-10-20 13:02:39
